Header_Length,Protocol Type,Time_To_Live,Rate,fin_flag_number,syn_flag_number,rst_flag_number,psh_flag_number,ack_flag_number,ece_flag_number,cwr_flag_number,ack_count,syn_count,fin_count,rst_count,HTTP,HTTPS,DNS,Telnet,SMTP,SSH,IRC,TCP,UDP,DHCP,ARP,ICMP,IGMP,IPv,LLC,Tot sum,Min,Max,AVG,Std,Tot size,IAT,Number,Variance,Label
23.6,6,63.6,3015.5323891005823,0.0,0.0,0.7,0.1,1.0,0.0,0.0,10.0,0.0,0.0,7.0,0.0,0.2,0.0,0.1,0.0,0.0,0.1,1.0,0.0,0.0,0.0,0.0,0.0,1.0,1.0,2077.0,60.0,1514.0,207.7,459.0192564346051,207.7,0.000331711769104,10.0,210698.6777777777,RECON-OSSCAN
26.4,6,130.8,45.57262624462708,0.0,0.0,0.0,0.4,0.8,0.0,0.0,8.0,0.0,0.0,0.0,0.0,0.8,0.0,0.0,0.0,0.0,0.0,0.8,0.1,0.0,0.1,0.0,0.0,0.9,0.9,7084.0,60.0,2962.0,708.4,995.2257365375287,708.4,0.0219768047332763,10.0,990474.2666666668,BENIGN
26.42095374325216,6,88.50013531007265,71.93206613352065,0.1026192179065199,0.04869039104674,0.0,0.3,0.7513096089532599,0.0,0.0,7.5130960895326,0.4869039104674002,1.0261921790651996,0.0,0.2434519552337001,0.5078576537195599,0.09738078209348,0.0,0.0,0.0,0.0,0.7513096089532599,0.24869039104674,0.0,0.0,0.0,0.0,1.0,1.0,1510.8320994338374,66.0,417.910675971033,151.08320994338374,121.95522131158988,151.08320994338374,0.0143541815095188,10.0,14873.079776072562,RECON-PINGSWEEP
11.08,6,69.79,448.6683197230738,0.01,0.02,0.0,0.03,0.46,0.0,0.0,46.0,2.0,1.0,0.0,0.03,0.0,0.0,0.0,0.0,0.0,0.0,0.46,0.11,0.01,0.03,0.01,0.0,0.97,0.97,78579.0,60.0,1514.0,785.79,600.4331819275111,785.79,0.0022288179397583,100.0,360520.00595959567,DDOS-ACK_FRAGMENTATION
32.0,6,215.2,1151.0164654226126,0.0,0.0,0.0,0.1,1.0,0.0,0.0,10.0,0.0,0.0,0.0,0.0,1.0,0.0,0.0,0.0,0.0,0.0,1.0,0.0,0.0,0.0,0.0,0.0,1.0,1.0,1657.0,66.0,1063.0,165.7,315.2790827187874,165.7,0.0008689165115356,10.0,99400.89999999997,BENIGN
29.98533479848872,6,62.14424807698356,55.41527164628287,0.1685208562263862,0.0629582875472275,0.0,0.4370417124527725,0.8426042811319312,0.0,0.0,8.426042811319313,0.629582875472275,1.6852085622638624,0.0,0.0629582875472275,0.7055625686791588,0.0314791437736137,0.0,0.0,0.0,0.0,0.9055625686791589,0.0629582875472275,0.0,0.0314791437736137,0.0,0.0,0.9685208562263864,0.9685208562263864,1731.4475302188298,64.11125137358317,686.9254116301951,173.144753021883,196.4085320940964,173.144753021883,0.0195518680042524,10.0,38576.31385167918,RECON-PORTSCAN
28.8,6,49.6,147.385761473048,0.0,0.0,0.0,0.1,0.9,0.0,0.0,9.0,0.0,0.0,0.0,0.0,0.8,0.0,0.0,0.0,0.1,0.0,0.9,0.0,0.0,0.1,0.0,0.0,0.9,0.9,6446.0,60.0,1494.0,644.6,731.466745655604,644.6,0.0068403005599975,10.0,535043.6,RECON-PINGSWEEP
21.2,6,131.6,1233.8002647448154,0.0,0.0,0.0,0.0,1.0,0.0,0.0,10.0,0.0,0.0,0.0,0.0,1.0,0.0,0.0,0.0,0.0,0.0,1.0,0.0,0.0,0.0,0.0,0.0,1.0,1.0,12032.0,60.0,2918.0,1203.2,1312.436986847157,1203.2,0.0008270978927612,10.0,1722490.8444444446,BROWSERHIJACKING
24.0,6,91.8,82.06682267494189,0.0,0.0,0.0,0.3,0.7,0.0,0.0,7.0,0.0,0.0,0.0,0.0,0.5,0.0,0.0,0.0,0.0,0.0,0.7,0.2,0.0,0.1,0.0,0.0,0.9,0.9,6332.0,60.0,2438.0,633.2,859.919479434622,633.2,0.0149648904800415,10.0,739461.5111111111,BENIGN
24.33108121398296,9,99.60263351115906,65.94158290726286,0.0,0.029937038556915,0.0,0.42037776865851,0.7605036915446801,0.0,0.0,7.6050369154468,0.2993703855691499,0.0,0.0,0.05987407711383,0.56050369154468,0.1496851927845749,0.0,0.0,0.0,0.0,0.7605036915446801,0.1796222313414899,0.0,0.0,0.05987407711383,0.0,1.0,1.0,1029.1270734205266,61.7962223134149,198.5861484825213,102.91270734205266,43.92144608091847,102.91270734205266,0.0166183863256732,10.0,1929.100115053436,UPLOADING_ATTACK
15.656576053465994,10,87.0150563764897,57.73069994593946,0.0,0.0,0.0,0.2595120011138748,0.4190240022277496,0.0,0.0,4.1902400222774965,0.0,0.0,0.0,0.1785360033416244,0.1190240022277496,0.0,0.0,0.0,0.0,0.0,0.4190240022277496,0.4595120011138748,0.0,0.1214639966583755,0.0,0.0,0.8785360033416245,0.8785360033416245,1266.8292003898562,60.0,391.0731998329188,126.6829200389856,108.04015643751028,126.6829200389856,0.0203190479733339,10.0,11672.678093078996,BACKDOOR_MALWARE
20.0,6,64.0,39809.26347760061,0.0,0.0,0.0,1.0,1.0,0.0,0.0,100.0,0.0,0.0,0.0,0.0,0.0,0.0,0.0,0.0,0.0,0.0,1.0,0.0,0.0,0.0,0.0,0.0,1.0,1.0,6000.0,60.0,60.0,60.0,0.0,60.0,2.684831619262696e-05,100.0,0.0,DDOS-PSHACK_FLOOD
20.0,6,64.0,1587.3085074174992,0.0,0.0,1.0,0.0,1.0,0.0,0.0,10.0,0.0,0.0,10.0,0.0,0.0,0.0,0.0,0.0,0.0,0.0,1.0,0.0,0.0,0.0,0.0,0.0,1.0,1.0,600.0,60.0,60.0,60.0,0.0,60.0,0.0006300926208496,10.0,0.0,RECON-PORTSCAN
32.0,6,198.0,195.04943312344795,0.0,0.0,0.0,0.1,1.0,0.0,0.0,10.0,0.0,0.0,0.0,0.0,1.0,0.0,0.0,0.0,0.0,0.0,1.0,0.0,0.0,0.0,0.0,0.0,1.0,1.0,1223.0,66.0,629.0,122.3,178.03623226747976,122.3,0.0051270008087158,10.0,31696.9,BENIGN
18.624270824112,2,66.32245226424467,310.16135862249337,0.0,0.1,0.0,0.0926081123038787,0.4167365053674544,0.0,0.0,4.167365053674544,1.0,0.0,0.0,0.0,0.2852162246077575,0.1073918876961212,0.0,0.0,0.0,0.0,0.5167365053674544,0.1610878315441818,0.0,0.2684797192403031,0.0536959438480606,0.0,0.7315202807596969,0.7315202807596969,916.474187217177,62.77824336911636,240.64993291494605,91.6474187217177,59.10627801888399,91.6474187217177,0.0035347273048287,10.0,3493.769210897148,RECON-PINGSWEEP
31.36094793161015,6,122.04025368641211,734.5734656591108,0.0133135847581218,0.0,0.0,0.0866864152418781,0.9733728304837562,0.0,0.0,9.733728304837562,0.0,0.1331358475812188,0.0,0.0,0.9733728304837562,0.0,0.0,0.0,0.0,0.0,0.9733728304837562,0.0266271695162437,0.0,0.0,0.0,0.0,1.0,1.0,7963.106558788594,65.20118491451268,1511.3372830483756,796.3106558788594,754.118601107921,796.3106558788594,0.001466658186949,10.0,568694.8725505234,RECON-PINGSWEEP
28.496454821507744,6,105.33717763197828,222.555256379334,0.0239162506112748,0.0395812530563742,0.0182512481661754,0.1634975036676491,0.8821674987774503,0.0121674987774502,0.0060837493887251,88.21674987774503,3.958125305637428,2.3916250611274856,1.825124816617544,0.1409850220058947,0.6412562408308772,0.0,0.0,0.0,0.0,0.0,0.9221674987774504,0.0374137542789239,0.0,0.0404187469436257,0.0,0.0,0.9595812530563742,0.9595812530563742,82360.43404338339,60.0,9587.931904152105,823.604340433834,1602.5515868496814,823.604340433834,0.0048810697541795,100.0,2568178.469998275,DDOS-SLOWLORIS
32.0,6,64.0,1233618.8235294118,0.0,0.0,0.0,0.0,1.0,0.0,0.0,10.0,0.0,0.0,0.0,0.0,1.0,0.0,0.0,0.0,0.0,0.0,1.0,0.0,0.0,0.0,0.0,0.0,1.0,1.0,660.0,66.0,66.0,66.0,0.0,66.0,9.059906005859376e-07,10.0,0.0,BENIGN
7.44,17,74.82,8366.019746683953,0.0,0.0,0.0,0.0,0.0,0.0,0.0,0.0,0.0,0.0,0.0,0.0,0.0,0.0,0.0,0.0,0.0,0.0,0.0,0.93,0.0,0.01,0.06,0.0,0.99,0.99,6060.0,60.0,70.0,60.6,2.386832565759421,60.6,0.0001195311546325,100.0,5.696969696969703,DOS-UDP_FLOOD
24.0,6,47.8,14368.975676601576,0.0,1.0,0.0,0.0,0.0,0.0,0.0,0.0,10.0,0.0,0.0,0.0,0.0,0.0,0.0,0.0,0.0,0.0,1.0,0.0,0.0,0.0,0.0,0.0,1.0,1.0,600.0,60.0,60.0,60.0,0.0,60.0,6.968975067138672e-05,10.0,0.0,RECON-PORTSCAN
25.2,6,95.0,43.523870500446726,0.0,0.0,0.0,0.4,0.7,0.0,0.0,7.0,0.0,0.0,0.0,0.0,0.2,0.0,0.0,0.0,0.0,0.0,0.7,0.2,0.0,0.1,0.0,0.0,0.9,0.9,1299.0,60.0,230.0,129.9,67.1390762191107,129.9,0.0272253990173339,10.0,4507.655555555556,BENIGN
3.92,17,62.08,4654.44215105311,0.0,0.0,0.0,0.0,0.0,0.0,0.0,0.0,0.0,0.0,0.0,0.0,0.0,0.0,0.0,0.0,0.0,0.0,0.0,0.49,0.0,0.03,0.0,0.0,0.97,0.97,91742.0,60.0,1514.0,917.42,589.9201312144907,917.42,0.0002188301086425,100.0,348005.76121212187,DDOS-UDP_FRAGMENTATION
14.4,17,132.2,24.444510495399648,0.0,0.0,0.0,0.2,0.3,0.0,0.0,3.0,0.0,0.0,0.0,0.1,0.2,0.0,0.0,0.0,0.0,0.0,0.3,0.6,0.0,0.1,0.0,0.0,0.9,0.9,1322.0,60.0,230.0,132.2,69.96316491157646,132.2,0.0414201974868774,10.0,4894.844444444443,DNS_SPOOFING
22.4,6,130.1,4214.110318496935,0.0,0.6,0.4,0.0,0.4,0.0,0.0,4.0,6.0,0.0,4.0,0.0,0.1,0.0,0.1,0.0,0.0,0.0,1.0,0.0,0.0,0.0,0.0,0.0,1.0,1.0,600.0,60.0,60.0,60.0,0.0,60.0,0.0002374172210693,10.0,0.0,RECON-OSSCAN
32.0,6,147.6,475.199854980513,0.0,0.0,0.0,0.1,1.0,0.0,0.0,10.0,0.0,0.0,0.0,0.0,1.0,0.0,0.0,0.0,0.0,0.0,1.0,0.0,0.0,0.0,0.0,0.0,1.0,1.0,10669.0,66.0,5858.0,1066.9,1933.9399306999053,1066.9,0.0021086931228637,10.0,3740123.655555556,BENIGN
22.88138087897428,6,116.7641198917958,46.83968795905248,0.0,0.0,0.0,0.3,0.6743350313919385,0.0,0.0,6.743350313919385,0.0,0.0,0.0,0.1486700627838769,0.4141624215201537,0.0,0.0,0.0,0.0,0.0,0.6743350313919385,0.1628324843040307,0.0,0.1628324843040307,0.0,0.0,0.8371675156959693,0.8371675156959693,2948.68222959524,60.0,1501.4335031391938,294.868222959524,448.8752329501894,294.868222959524,0.0238714122725594,10.0,201488.97476575972,XSS
16.567187269353347,14,150.95939247758034,22.360320628261725,0.0,0.0,0.0,0.3235563833625363,0.470669150087609,0.0,0.0,4.706691500876091,0.0,0.0,0.0,0.0,0.270669150087609,0.0,0.0,0.0,0.0,0.0,0.470669150087609,0.4528872332749273,0.0,0.0,0.0764436166374636,0.0,1.0,1.0,1421.4133830017522,66.0,230.0,142.14133830017522,62.13582894374228,142.14133830017522,0.0460251932387146,10.0,3860.864937657057,DICTIONARYBRUTEFORCE
31.0,6,72.19,967.4258971798142,0.06,0.13,0.16,0.27,0.77,0.0,0.0,77.0,13.0,6.0,16.0,0.0,0.99,0.0,0.0,0.0,0.0,0.0,1.0,0.0,0.0,0.0,0.0,0.0,1.0,1.0,26311.0,60.0,1514.0,263.11,467.0347875996847,263.11,0.0010337400436401,100.0,218121.49282828253,DDOS-SLOWLORIS
32.0,6,64.0,2761.772568644235,0.0,0.0,0.0,0.0,1.0,0.0,0.0,10.0,0.0,0.0,0.0,0.0,1.0,0.0,0.0,0.0,0.0,0.0,1.0,0.0,0.0,0.0,0.0,0.0,1.0,1.0,19484.0,1514.0,2962.0,1948.4,699.4504509494102,1948.4,0.0003724813461303,10.0,489230.9333333333,BENIGN
7.68,17,61.44,11770.181001824049,0.0,0.0,0.0,0.0,0.0,0.0,0.0,0.0,0.0,0.0,0.0,0.0,0.0,0.0,0.0,0.0,0.0,0.0,0.0,0.96,0.0,0.04,0.0,0.0,0.96,0.96,53424.0,60.0,554.0,534.24,97.29151447006446,534.24,8.496999740600586e-05,100.0,9465.638787878765,MIRAI-UDPPLAIN
23.81702962375411,7,149.67114968922482,41.8723251759622,0.0905483617668664,0.0905483617668664,0.0,0.1810967235337329,0.5716450853005993,0.0,0.0,5.716450853005993,0.9054836176686644,0.9054836176686644,0.0,0.0905483617668664,0.5716450853005993,0.0283549146994006,0.0,0.0,0.0,0.0,0.6621934470674657,0.2378065529325342,0.0,0.0,0.1,0.0,1.0,1.0,1231.402589763928,65.62193447067466,229.432901706012,123.1402589763928,71.86434132040613,123.1402589763928,0.0255718518048585,10.0,5164.484884352021,XSS
8.0,17,64.0,9660.06586978051,0.0,0.0,0.0,0.0,0.0,0.0,0.0,0.0,0.0,0.0,0.0,0.0,0.0,0.0,0.0,0.0,0.0,0.0,0.0,1.0,0.0,0.0,0.0,0.0,1.0,1.0,55400.0,554.0,554.0,554.0,0.0,554.0,0.0001041793823242,100.0,0.0,MIRAI-UDPPLAIN
12.346508578349592,17,92.2955196124229,39.349066692754064,0.0,0.0,0.0,0.1433135722936989,0.2433135722936989,0.0,0.0,2.433135722936989,0.0,0.0,0.0,0.0,0.1566864277063011,0.0866271445873978,0.0,0.0,0.0,0.0,0.2433135722936989,0.5700592831189033,0.0,0.1,0.0866271445873978,0.0,0.9,0.9,1394.1917003633534,60.0,227.40118566237803,139.41917003633534,72.01572516960002,139.41917003633534,0.0279706458778671,10.0,5186.268935391374,UPLOADING_ATTACK
32.56471321260901,6,67.67401146408965,665.7637665453809,0.2129752198637857,0.2068099120544857,0.0858984583557673,0.3131900879455143,0.8559244490416693,0.0,0.0,85.59244490416694,20.68099120544857,21.297521986378573,8.589845835576735,0.8895442731506409,0.0809114536987183,0.0047721365753204,0.0,0.0,0.0,0.0,0.9704557268493592,0.0147721365753204,0.0,0.01,0.0047721365753204,0.0,0.99,0.99,40721.25454837003,60.0,2220.807135016681,407.2125454837003,554.2254443757218,407.2125454837003,0.0017164274457006,100.0,307165.86679264426,DDOS-HTTP_FLOOD
32.0,6,244.0,6195.426883308715,0.0,0.0,0.0,0.2,1.0,0.0,0.0,10.0,0.0,0.0,0.0,0.0,1.0,0.0,0.0,0.0,0.0,0.0,1.0,0.0,0.0,0.0,0.0,0.0,1.0,1.0,14940.0,1494.0,1494.0,1494.0,0.0,1494.0,0.000161600112915,10.0,0.0,BACKDOOR_MALWARE
8.0,17,64.0,10242.750738723778,0.0,0.0,0.0,0.0,0.0,0.0,0.0,0.0,0.0,0.0,0.0,0.0,0.0,0.0,0.0,0.0,0.0,0.0,0.0,1.0,0.0,0.0,0.0,0.0,1.0,1.0,55400.0,554.0,554.0,554.0,0.0,554.0,9.887933731079102e-05,100.0,0.0,MIRAI-UDPPLAIN
33.6,6,64.0,1720.8813030812785,0.0,0.2,0.0,0.0,0.8,0.0,0.0,8.0,2.0,0.0,0.0,0.0,0.0,0.0,0.0,0.0,0.0,0.0,1.0,0.0,0.0,0.0,0.0,0.0,1.0,1.0,676.0,66.0,74.0,67.6,3.373096170846272,67.6,0.0007241964340209,10.0,11.377777777777784,RECON-PORTSCAN
24.8,6,63.6,185.25668602725204,0.0,0.0,0.0,0.4,0.7,0.0,0.0,7.0,0.0,0.0,0.0,0.0,0.2,0.0,0.0,0.0,0.0,0.0,0.7,0.3,0.0,0.0,0.0,0.0,1.0,1.0,1681.0,60.0,680.0,168.1,193.68270157370503,168.1,0.0057072162628173,10.0,37512.98888888888,BENIGN
32.04373952555417,6,64.0,11779.490684334898,0.0,0.0054674406942721,0.0,0.9945325593057278,0.9945325593057278,0.0,0.0,99.45325593057278,0.5467440694272174,0.0,0.0,1.0,0.0,0.0,0.0,0.0,0.0,0.0,1.0,0.0,0.0,0.0,0.0,0.0,1.0,1.0,7677.179883895859,74.7266279652864,77.0,76.77179883895859,0.4931651830164955,76.77179883895859,8.686433074604034e-05,100.0,0.2457412311346537,DDOS-SLOWLORIS
32.0,6,198.4,285.94342902722195,0.0,0.0,0.0,0.0,1.0,0.0,0.0,10.0,0.0,0.0,0.0,0.0,1.0,0.0,0.0,0.0,0.0,0.0,1.0,0.0,0.0,0.0,0.0,0.0,1.0,1.0,3556.0,66.0,1514.0,355.6,610.5304069231752,355.6,0.0036636114120483,10.0,372747.37777777785,BENIGN
28.8,6,158.4,239.05161407988328,0.0,0.0,0.0,0.0,0.9,0.0,0.0,9.0,0.0,0.0,0.0,0.0,0.9,0.0,0.0,0.0,0.0,0.0,0.9,0.0,0.0,0.1,0.0,0.0,0.9,0.9,4998.0,60.0,1514.0,499.8,699.8669397344994,499.8,0.0052266836166381,10.0,489813.7333333334,RECON-PINGSWEEP
8.0,17,83.1,67.89140751963431,0.0,0.0,0.0,0.0,0.0,0.0,0.0,0.0,0.0,0.0,0.0,0.0,0.0,0.0,0.0,0.0,0.0,0.0,0.0,1.0,0.0,0.0,0.0,0.0,1.0,1.0,770.0,60.0,230.0,77.0,53.75872022286245,77.0,0.0157644033432006,10.0,2890.0,BENIGN
32.0,6,64.68060860459461,14422.99392952165,0.1641467811081117,0.0,0.0,0.0080071600540542,1.0,0.0,0.0,100.0,0.0,16.414678110811174,0.0,0.9919928399459458,0.0080071600540542,0.0,0.0,0.0,0.0,0.0,1.0,0.0,0.0,0.0,0.0,0.0,1.0,1.0,6622.820406154055,66.0,84.41646812432474,66.22820406154054,1.8892392220460803,66.22820406154054,6.935271271410503e-05,100.0,8.915083035738963,DDOS-SLOWLORIS
1.08,1,65.13,910.2913632762906,0.01,0.01,0.0,0.01,0.03,0.0,0.0,3.0,1.0,1.0,0.0,0.01,0.0,0.01,0.0,0.0,0.0,0.0,0.03,0.02,0.0,0.02,0.93,0.0,0.98,0.98,90063.0,60.0,1514.0,900.63,595.3133570064622,900.63,0.0011008501052856,100.0,354397.9930303035,DDOS-ICMP_FRAGMENTATION
16.4,6,113.3,226.1470442340457,0.1,0.0,0.0,0.2,0.5,0.0,0.0,5.0,0.0,1.0,0.0,0.0,0.4,0.1,0.0,0.0,0.0,0.0,0.5,0.2,0.0,0.2,0.1,0.0,0.8,0.8,1348.0,60.0,573.0,134.8,162.5134524346284,134.8,0.0049082994461059,10.0,26410.622222222228,BENIGN
31.6,6,136.7,297.0533368272697,0.1,0.1,0.0,0.4,1.0,0.0,0.0,10.0,1.0,1.0,0.0,0.6,0.3,0.0,0.0,0.0,0.0,0.0,1.0,0.0,0.0,0.0,0.0,0.0,1.0,1.0,1380.0,60.0,530.0,138.0,149.70563709419153,138.0,0.0037827968597412,10.0,22411.777777777777,BENIGN
24.298907613423022,10,131.5811568307924,45.17727792627056,0.0,0.0,0.0,0.4614945380671151,0.7689672284026907,0.0,0.0,7.689672284026907,0.0,0.0,0.0,0.0,0.6149453806711511,0.0,0.0,0.0,0.0,0.0,0.7689672284026907,0.1925273096644244,0.0,0.0385054619328848,0.0,0.0,0.9614945380671152,0.9614945380671152,914.9424032504694,63.689672284026905,127.91956304536922,91.49424032504692,27.267895901305742,91.49424032504692,0.0274406753789894,10.0,743.6285115862188,BACKDOOR_MALWARE
20.904282166261453,6,135.2104659710258,17.206814729198413,0.0,0.0373929458434636,0.0,0.0626070541565363,0.5252141083130727,0.0,0.0,5.252141083130727,0.3739294584346365,0.0,0.0,0.0626070541565363,0.387821162469609,0.0,0.0,0.0,0.0,0.0,0.5626070541565363,0.4373929458434636,0.0,0.0,0.0,0.0,1.0,1.0,1199.886775957219,60.0,230.0,119.9886775957219,73.9834747259436,119.9886775957219,0.0635387862914474,10.0,5473.554762046302,BACKDOOR_MALWARE
12.04360258980794,16,95.86380985045942,99.03467987515594,0.1,0.0004360258980794,0.0,0.0008720517961588,0.2013080776942382,0.0,0.0,2.0130807769423824,0.0043602589807941,1.0,0.0,0.2,0.0004360258980794,0.5986919223057617,0.0,0.0,0.0,0.0,0.2017441035923176,0.6986919223057617,0.0,0.0995639741019205,0.0,0.0,0.9004360258980795,0.9004360258980795,885.9869192230576,60.0,214.0,88.59869192230576,44.88162498030555,88.59869192230576,0.0121583615673235,10.0,2014.360509129397,SQLINJECTION
15.2,6,88.6,61.53696278266585,0.0,0.0,0.0,0.1,0.4,0.0,0.0,4.0,0.0,0.0,0.0,0.0,0.4,0.2,0.0,0.0,0.0,0.0,0.4,0.3,0.0,0.1,0.2,0.0,0.9,0.9,4842.0,60.0,1514.0,484.2,553.6589002064156,484.2,0.0166225910186767,10.0,306538.1777777777,BENIGN
22.4,6,80.4,128.15604938875157,0.0,0.0,0.0,0.4,0.7,0.0,0.0,7.0,0.0,0.0,0.0,0.0,0.5,0.0,0.0,0.0,0.0,0.0,0.7,0.3,0.0,0.0,0.0,0.0,1.0,1.0,1062.0,60.0,218.0,106.2,57.970873912873024,106.2,0.0081558942794799,10.0,3360.6222222222223,BENIGN
0.0,1,65.91,7633.640913640914,0.0,0.0,0.0,0.0,0.0,0.0,0.0,0.0,0.0,0.0,0.0,0.0,0.0,0.0,0.0,0.0,0.0,0.0,0.0,0.0,0.0,0.0,1.0,0.0,1.0,1.0,6000.0,60.0,60.0,60.0,0.0,60.0,0.0001310181617736,100.0,0.0,DDOS-ICMP_FLOOD
19.28432520940072,6,86.39581916371925,177.57083739215585,0.0526351627937723,0.1052703255875447,0.0,0.4420945116186829,0.5894593488249107,0.0,0.0,5.894593488249106,1.052703255875447,0.5263516279377235,0.0,0.5894593488249107,0.0526351627937723,0.157905488381317,0.0,0.0,0.0,0.0,0.6947296744124554,0.2526351627937723,0.0,0.0,0.0526351627937723,0.0,1.0,1.0,2755.147895805376,63.15810976762634,772.2142176775856,275.5147895805375,280.34138412528944,275.5147895805375,0.0133315042782649,10.0,78594.19688035456,COMMANDINJECTION
20.0,6,64.0,7980.030441400304,0.0,0.0,1.0,0.0,1.0,0.0,0.0,10.0,0.0,0.0,10.0,0.0,0.0,0.0,0.0,0.0,0.0,0.0,1.0,0.0,0.0,0.0,0.0,0.0,1.0,1.0,600.0,60.0,60.0,60.0,0.0,60.0,0.002089500427246,10.0,0.0,RECON-PORTSCAN
20.0,6,64.0,40816.50447644998,0.0,0.0,0.0,1.0,1.0,0.0,0.0,100.0,0.0,0.0,0.0,0.0,0.0,0.0,0.0,0.0,0.0,0.0,1.0,0.0,0.0,0.0,0.0,0.0,1.0,1.0,6000.0,60.0,60.0,60.0,0.0,60.0,2.4521350860595705e-05,100.0,0.0,DDOS-PSHACK_FLOOD
32.0,6,147.5,253.6330267462463,0.0,0.0,0.0,0.0,1.0,0.0,0.0,10.0,0.0,0.0,0.0,0.0,1.0,0.0,0.0,0.0,0.0,0.0,1.0,0.0,0.0,0.0,0.0,0.0,1.0,1.0,7900.0,66.0,1514.0,790.0,763.1630086539689,790.0,0.0039519071578979,10.0,582417.7777777778,BENIGN
12.409888956192924,8,53.454389259061074,40.367397901684456,0.0,0.0,0.0,0.2,0.3,0.0,0.0,3.0,0.0,0.0,0.0,0.0,0.0768541792861729,0.0743819402379423,0.0,0.0,0.0,0.0,0.3,0.3512361195241152,0.0,0.1487638804758847,0.2,0.0,0.8512361195241154,0.8512361195241154,2053.397705935627,61.53708358572346,373.0,205.33977059356272,134.20432589373067,205.33977059356272,0.0263994368037409,10.0,18010.814090141987,COMMANDINJECTION
13.029448987517656,3,111.10230359223384,38.35480058719679,0.0,0.0,0.0,0.1057362246879414,0.3586043370319121,0.0,0.0,3.586043370319121,0.0,0.0,0.0,0.0,0.2,0.0471318876560293,0.0,0.0,0.0,0.0,0.3586043370319121,0.3528681123439707,0.0,0.1,0.1885275506241172,0.0,0.9,0.9,1336.8728546047162,60.0,230.0,133.68728546047163,75.45962184203289,133.68728546047163,0.0276730444809181,10.0,5694.193016466172,BACKDOOR_MALWARE
31.641667886225875,6,63.9335186540251,5837.545382833817,0.1301170449915596,0.0,0.0,0.26817117772804,0.9833796635062744,0.0,0.0,98.33796635062744,0.0,13.011704499155968,0.0,0.1672933435605767,0.0,0.0,0.0,0.0,0.0,0.0,0.9833796635062744,0.0166203364937257,0.0,0.0,0.0,0.0,1.0,1.0,6906.592538389961,66.0,81.9005120840977,69.06592538389961,5.071433603382026,69.06592538389961,0.000171316116503,100.0,25.8578333495453,DDOS-SLOWLORIS
29.6,6,110.9,340.36663447727403,0.0,0.0,0.0,0.1,0.9,0.0,0.0,9.0,0.0,0.0,0.0,0.0,0.9,0.0,0.0,0.0,0.0,0.0,0.9,0.1,0.0,0.0,0.0,0.0,1.0,1.0,2794.0,66.0,1514.0,279.4,479.58875901941,279.4,0.0030870199203491,10.0,230005.37777777776,BENIGN
32.0,6,64.0,6203.674012720012,0.2,0.0,0.0,0.4,1.0,0.0,0.0,10.0,0.0,2.0,0.0,0.0,0.0,0.0,0.0,0.0,0.0,0.0,1.0,0.0,0.0,0.0,0.0,0.0,1.0,1.0,917.0,66.0,133.0,91.7,33.213283821721426,91.7,0.0001612901687622,10.0,1103.122222222222,DICTIONARYBRUTEFORCE
26.446649133896468,6,74.7995490407939,55.59450335839754,0.0,0.0556056621340106,0.0556056621340106,0.3556056621340107,0.8556056621340107,0.0,0.0,8.556056621340106,0.5560566213401065,0.0,0.5560566213401065,0.0,0.1775773514639574,0.0,0.0,0.0,0.2224226485360426,0.0,0.8556056621340107,0.0443943378659893,0.0,0.1,0.0,0.0,0.9,0.9,978.2422648536044,60.0,176.0,97.82422648536044,47.50070217229986,97.82422648536044,0.0219698653011478,10.0,2256.324511827077,DICTIONARYBRUTEFORCE
0.0,47,63.36,6485.502226620485,0.0,0.0,0.0,0.0,0.0,0.0,0.0,0.0,0.0,0.0,0.0,0.0,0.0,0.0,0.0,0.0,0.0,0.0,0.0,0.0,0.0,0.01,0.0,0.0,0.99,0.99,58668.0,60.0,592.0,586.68,53.19999999999993,586.68,0.000154869556427,100.0,2830.2399999999925,MIRAI-GREETH_FLOOD
30.8,6,86.31448396265564,245.3016074694553,0.0,0.0,0.0926746037721612,0.4146507924556775,1.0,0.0,0.0,10.0,0.0,0.0,0.9267460377216128,0.0,0.9,0.0,0.0,0.0,0.0,0.0,1.0,0.0,0.0,0.0,0.0,0.0,1.0,1.0,5437.701903399472,65.56047622632967,2954.967619621275,543.7701903399472,1006.6356837449468,543.7701903399472,0.0042154357588058,10.0,1013315.40374188,RECON-PORTSCAN
27.2,6,150.4,76.93020474717035,0.1,0.0,0.0,0.3,0.8,0.0,0.0,8.0,0.0,1.0,0.0,0.0,0.6,0.0,0.0,0.0,0.0,0.0,0.8,0.2,0.0,0.0,0.0,0.0,1.0,1.0,1149.0,66.0,230.0,114.9,67.19532060427356,114.9,0.0161817073822021,10.0,4515.211111111111,BENIGN
23.6,6,70.9,115.88812108519122,0.2,0.1,0.1,0.2,0.5,0.0,0.0,5.0,1.0,2.0,1.0,0.1,0.6,0.0,0.0,0.0,0.0,0.0,0.7,0.2,0.0,0.1,0.0,0.0,0.9,0.9,814.0,60.0,156.0,81.4,29.39841265556129,81.4,0.0086291074752807,10.0,864.2666666666665,BENIGN
18.69011685286711,12,79.41902555169652,533.434503971022,0.0,0.0,0.0,0.0,0.4636046741146843,0.0,0.0,4.636046741146844,0.0,0.0,0.0,0.0,0.4636046741146843,0.2181976629426578,0.0,0.0,0.0,0.0,0.4636046741146843,0.4818459101496511,0.0,0.0545494157356644,0.0,0.0,0.9454505842643356,0.9454505842643356,853.4566844972588,62.727035055860135,230.0,85.34566844972588,51.778957021140656,85.34566844972588,0.0048312406867388,10.0,2681.066046960465,UPLOADING_ATTACK
20.0,6,101.4,68.40840478400071,0.0,0.0,0.0,0.3,0.5,0.0,0.0,5.0,0.0,0.0,0.0,0.0,0.5,0.0,0.0,0.0,0.0,0.0,0.5,0.5,0.0,0.0,0.0,0.0,1.0,1.0,2019.0,66.0,345.0,201.9,109.34496889305068,201.9,0.0146931886672973,10.0,11956.32222222222,BENIGN
20.0,6,64.0,11823.267089499648,0.0,0.0,0.0,0.0,0.0,0.0,0.0,0.0,0.0,0.0,0.0,1.0,0.0,0.0,0.0,0.0,0.0,0.0,1.0,0.0,0.0,0.0,0.0,0.0,1.0,1.0,6000.0,60.0,60.0,60.0,0.0,60.0,8.45789909362793e-05,100.0,0.0,DDOS-TCP_FLOOD
15.355860134282365,0,29.41172026856473,114.65006040634098,0.1,0.2,0.0,0.0,0.3048706291963238,0.0,0.0,3.0487062919632386,2.0,1.0,0.0,0.2024353145981619,0.2,0.1,0.0,0.0,0.0,0.0,0.4048706291963239,0.1,0.0,0.4951293708036761,0.0,0.0,0.5048706291963239,0.5048706291963239,650.2922377517795,60.0,74.0,65.02922377517794,5.891597855072515,65.02922377517794,0.0088826324007749,10.0,34.720040410082994,RECON-PINGSWEEP
17.2,6,142.0,63.19635253595784,0.0,0.2,0.2,0.2,0.4,0.0,0.0,4.0,2.0,0.0,2.0,0.1,0.0,0.2,0.0,0.0,0.0,0.0,0.6,0.4,0.0,0.0,0.0,0.0,1.0,1.0,1040.0,60.0,214.0,104.0,61.17552161154365,104.0,0.0174171924591064,10.0,3742.444444444444,RECON-OSSCAN
9.2,17,93.9,173.71099137306226,0.0,0.0,0.0,0.1,0.1,0.0,0.0,1.0,0.0,0.0,0.0,0.0,0.0,0.0,0.0,0.0,0.0,0.0,0.1,0.9,0.0,0.0,0.0,0.0,1.0,1.0,3210.0,99.0,1142.0,321.0,432.90748305947415,321.0,0.0062495946884155,10.0,187408.88888888888,MITM-ARPSPOOFING
28.8,6,220.0,1037.552009894867,0.0,0.0,0.0,0.8,0.9,0.0,0.0,9.0,0.0,0.0,0.0,0.0,0.9,0.0,0.0,0.0,0.0,0.0,0.9,0.0,0.0,0.1,0.0,0.0,0.9,0.9,13548.0,60.0,1500.0,1354.8,454.9531844047253,1354.8,0.0010010004043579,10.0,206982.4,DNS_SPOOFING
29.52,6,65.91,549.8736195160834,0.01,0.15,0.16,0.33,0.7,0.0,0.0,70.0,15.0,1.0,16.0,0.92,0.01,0.0,0.0,0.0,0.0,0.0,0.93,0.06,0.01,0.01,0.0,0.0,0.99,0.99,76275.0,60.0,4410.0,762.75,1000.1193401011924,762.75,0.0018229484558105,100.0,1000238.6944444444,DOS-HTTP_FLOOD
8.12,17,63.79,20437.090094040832,0.0,0.0,0.0,0.01,0.01,0.0,0.0,1.0,0.0,0.0,0.0,0.0,0.0,0.0,0.0,0.0,0.0,0.0,0.01,0.99,0.0,0.0,0.0,0.0,1.0,1.0,6063.0,60.0,123.0,60.63,6.300000000000006,60.63,4.893064498901367e-05,100.0,39.69000000000008,DOS-UDP_FLOOD
20.0,6,64.0,28200.7933839844,0.0,0.99,0.01,0.0,0.0,0.0,0.0,0.0,99.0,0.0,1.0,0.0,0.0,0.0,0.0,0.0,0.0,0.0,1.0,0.0,0.0,0.0,0.0,0.0,1.0,1.0,6000.0,60.0,60.0,60.0,0.0,60.0,4.019021987915039e-05,100.0,0.0,DOS-SYN_FLOOD
21.6,6,120.34406931960544,42.02470576543925,0.0,0.0,0.0,0.3019015936633482,0.6,0.0,0.0,6.0,0.0,0.0,0.0,0.0,0.4038031873266964,0.0,0.0,0.0,0.1961968126733036,0.0,0.6,0.3,0.0,0.0019015936633482,0.0980984063366518,0.0,0.9980984063366518,0.9980984063366518,1410.3344422178282,65.88590438019911,240.7908246970317,141.03344422178282,69.08206697709903,141.03344422178282,0.0247859732503359,10.0,4772.332099818705,DICTIONARYBRUTEFORCE
29.6,6,115.5,32.683380684696026,0.0,0.0,0.0,0.4,0.9,0.0,0.0,9.0,0.0,0.0,0.0,0.0,0.9,0.0,0.0,0.0,0.0,0.0,0.9,0.1,0.0,0.0,0.0,0.0,1.0,1.0,1159.0,66.0,230.0,115.9,58.23410608149756,115.9,0.0312182903289794,10.0,3391.2111111111108,BENIGN
20.0,6,159.1,60.397059564694615,0.0,0.0,0.0,0.2,0.5,0.0,0.0,5.0,0.0,0.0,0.0,0.0,0.2,0.0,0.0,0.0,0.0,0.0,0.5,0.5,0.0,0.0,0.0,0.0,1.0,1.0,1885.0,66.0,681.0,188.5,182.5098170875565,188.5,0.0204084157943725,10.0,33309.833333333336,VULNERABILITYSCAN
13.80977101267639,17,124.31236664577848,65.07421482474972,0.0,0.0747557246830903,0.0,0.1747557246830903,0.2504885506338194,0.0,0.0,2.5048855063381943,0.747557246830903,0.0,0.0,0.0747557246830903,0.0504885506338194,0.1495114493661806,0.0,0.0,0.0,0.0,0.3252442753169097,0.5747557246830903,0.0,0.0747557246830903,0.0252442753169097,0.0,0.9252442753169096,0.9252442753169096,1738.8909152841427,61.51465651901458,349.7964123102129,173.88909152841427,102.63334795667946,173.88909152841427,0.0282872351625302,10.0,10533.656705385512,XSS
10.08,6,67.81,1142.9088382358952,0.0,0.0,0.0,0.0,0.49,0.0,0.0,49.0,0.0,0.0,0.0,0.0,0.02,0.0,0.0,0.0,0.0,0.0,0.49,0.02,0.0,0.03,0.0,0.0,0.97,0.97,89112.0,60.0,1514.0,891.12,593.52971350058,891.12,0.0008763194084167,100.0,352277.5208080805,DDOS-ACK_FRAGMENTATION
9.2,17,74.9,74.99564613346254,0.0,0.0,0.0,0.0,0.1,0.0,0.0,1.0,0.0,0.0,0.0,0.0,0.0,0.0,0.0,0.0,0.0,0.0,0.1,0.9,0.0,0.0,0.0,0.0,1.0,1.0,928.0,60.0,230.0,92.8,69.20629386920753,92.8,0.0157087087631225,10.0,4789.511111111111,BENIGN
17.6,9,131.63535121573085,39.388940246015615,0.0,0.0,0.0,0.2721370697822883,0.4721370697822883,0.0,0.0,4.721370697822883,0.0,0.0,0.0,0.0,0.0278629302177116,0.0,0.0,0.0,0.0,0.0,0.4721370697822883,0.5278629302177117,0.0,0.0,0.0,0.0,1.0,1.0,1716.4391288284498,60.0,394.77457814977896,171.643912882845,107.37851658255524,171.643912882845,0.0272891839630032,10.0,11530.149897663452,XSS
31.015595589120448,6,65.94108911951687,913.503407963554,0.01,0.0882327557181539,0.1320337009066293,0.3176998424685874,0.797166929219021,0.0,0.0,79.7166929219021,8.82327557181539,1.0,13.203370090662933,0.9274333858438042,0.0597335433752167,0.0,0.0,0.0,0.0,0.0,0.9948667716876084,0.0025666141561958,0.0,0.0025666141561958,0.0,0.0,0.997433385843804,0.997433385843804,72870.58736922541,60.0,2962.0,728.705873692254,819.9690137237425,728.705873692254,0.0011259310260025,100.0,672349.2023903872,DDOS-HTTP_FLOOD
0.48,47,69.73,1659.8352157154502,0.0,0.01,0.0,0.0,0.0,0.0,0.0,0.0,1.0,0.0,0.0,0.0,0.0,0.0,0.0,0.0,0.0,0.0,0.01,0.03,0.0,0.0,0.0,0.0,1.0,1.0,57550.0,60.0,592.0,575.5,82.4260305064517,575.5,0.0006051898002624,100.0,6794.050505050505,MIRAI-GREETH_FLOOD
32.0,6,130.8,310.0484184537142,0.0,0.0,0.0,0.0,1.0,0.0,0.0,10.0,0.0,0.0,0.0,0.0,1.0,0.0,0.0,0.0,0.0,0.0,1.0,0.0,0.0,0.0,0.0,0.0,1.0,1.0,9348.0,66.0,1514.0,934.8,747.7439847077786,934.8,0.0032706975936889,10.0,559121.0666666667,BENIGN
0.0,1,64.0,46020.45205178846,0.0,0.0,0.0,0.0,0.0,0.0,0.0,0.0,0.0,0.0,0.0,0.0,0.0,0.0,0.0,0.0,0.0,0.0,0.0,0.0,0.0,0.0,1.0,0.0,1.0,1.0,6000.0,60.0,60.0,60.0,0.0,60.0,2.1741390228271484e-05,100.0,0.0,DDOS-ICMP_FLOOD
20.931884014711272,6,61.39414250306485,96.7725665811016,0.1388285006129696,0.0,0.0,0.1611714993870303,0.5388285006129696,0.0,0.0,5.3882850061296965,0.0,1.3882850061296963,0.0,0.0388285006129696,0.4388285006129697,0.0,0.0,0.0,0.0,0.0,0.5388285006129696,0.4611714993870303,0.0,0.0,0.0,0.0,1.0,1.0,647.6117149938704,60.0,77.0,64.76117149938703,5.774065260120397,64.76117149938703,0.010888318588037,10.0,33.51389577373906,SQLINJECTION
21.08,6,77.92,8030.757448112124,0.0,0.0,0.0,0.07,0.09,0.0,0.0,9.0,0.0,0.0,0.0,0.0,0.08,0.0,0.0,0.0,0.0,0.0,1.0,0.0,0.0,0.0,0.0,0.0,1.0,1.0,7092.0,60.0,788.0,70.92,74.47861600771219,70.92,0.0001245212554931,100.0,5547.064242424242,DOS-TCP_FLOOD
10.4,17,69.5,2595.967073095253,0.0,0.0,0.0,0.2,0.2,0.0,0.0,2.0,0.0,0.0,0.0,0.0,0.0,0.0,0.0,0.0,0.0,0.0,0.2,0.8,0.0,0.0,0.0,0.0,1.0,1.0,1218.0,94.0,164.0,121.8,35.89119359644895,121.8,0.000385308265686,10.0,1288.177777777778,DNS_SPOOFING
15.511702156001675,12,66.34018898043588,176.09994615085742,0.0623374700555323,0.0,0.0,0.2,0.4129875898334031,0.0,0.0,4.129875898334031,0.0,0.623374700555323,0.0,0.1129875898334031,0.2246749401110646,0.0,0.0,0.0,0.0,0.0,0.4129875898334031,0.2870124101665969,0.0,0.1129875898334031,0.1870124101665969,0.0,0.8870124101665968,0.8870124101665968,1156.1170215600168,60.0,374.5323579316534,115.61170215600168,101.43944449963746,115.61170215600168,0.0059344030985223,10.0,10290.056461271824,RECON-PINGSWEEP
23.65221100307465,6,139.86483721848475,64.5905303081373,0.0130527507686646,0.1738944984626708,0.0,0.3,0.6130527507686646,0.0,0.0,6.130527507686646,1.738944984626708,0.130527507686646,0.0,0.0130527507686646,0.6,0.0869472492313354,0.0,0.0,0.0,0.0,0.7,0.1130527507686646,0.0,0.0,0.1869472492313354,0.0,1.0,1.0,1452.343097107981,66.0,310.09270547657206,145.2343097107981,95.11175538772248,145.2343097107981,0.0166446087170477,10.0,9046.2463038796,XSS
24.4,6,119.0,78.21356312108051,0.0,0.1,0.0,0.1,0.6,0.0,0.0,6.0,1.0,0.0,0.0,0.1,0.5,0.2,0.0,0.0,0.0,0.0,0.7,0.3,0.0,0.0,0.0,0.0,1.0,1.0,928.0,60.0,218.0,92.8,52.21494039065831,92.8,0.0129857063293457,10.0,2726.4,RECON-OSSCAN
0.0,47,63.36,1370.1099863129596,0.0,0.0,0.0,0.0,0.0,0.0,0.0,0.0,0.0,0.0,0.0,0.0,0.0,0.0,0.0,0.0,0.0,0.0,0.0,0.0,0.0,0.01,0.0,0.0,0.99,0.99,58668.0,60.0,592.0,586.68,53.19999999999989,586.68,0.0007314300537109,100.0,2830.239999999988,MIRAI-GREETH_FLOOD
22.4,6,64.0,5055.814850530376,0.0,0.0,0.0,0.0,1.0,0.0,0.0,10.0,0.0,0.0,0.0,0.0,1.0,0.0,0.0,0.0,0.0,0.0,1.0,0.0,0.0,0.0,0.0,0.0,1.0,1.0,612.0,60.0,66.0,61.2,2.529822128134703,61.2,0.0001978874206542,10.0,6.399999999999999,SQLINJECTION
22.4,6,90.6,289.5439013109299,0.0,0.6,0.3,0.0,0.4,0.0,0.0,4.0,6.0,0.0,3.0,0.0,0.1,0.0,0.0,0.0,0.0,0.0,1.0,0.0,0.0,0.0,0.0,0.0,1.0,1.0,600.0,60.0,60.0,60.0,0.0,60.0,0.0036963939666748,10.0,0.0,RECON-HOSTDISCOVERY
15.2,17,178.2,60.020062477014726,0.0,0.0,0.0,0.2,0.3,0.0,0.0,3.0,0.0,0.0,0.0,0.0,0.3,0.0,0.0,0.0,0.0,0.0,0.3,0.7,0.0,0.0,0.0,0.0,1.0,1.0,3722.0,66.0,2009.0,372.2,578.2707555001089,372.2,0.0185184955596923,10.0,334397.06666666665,BENIGN
60.0,6,64.0,5012.313575525813,0.0,0.0,0.0,0.0,1.0,0.0,0.0,10.0,0.0,0.0,0.0,0.0,1.0,0.0,0.0,0.0,0.0,0.0,1.0,0.0,0.0,0.0,0.0,0.0,1.0,1.0,940.0,94.0,94.0,94.0,0.0,94.0,0.0001996040344238,10.0,0.0,BENIGN
5.752308654552131,17,98.01593952712,47.13290865508395,0.0,0.0,0.0,0.0,0.0,0.0,0.0,0.0,0.0,0.0,0.0,0.0,0.0,0.2761543272760653,0.0,0.0,0.0,0.0,0.0,0.7190385818190164,0.3238456727239347,0.0,0.2,0.0809614181809836,1.0,1.0,2087.661605818649,64.95003127294424,352.7596454547541,208.7661605818649,126.24529452078806,208.7661605818649,0.030722732630815,10.0,15937.87519175742,UPLOADING_ATTACK
12.272190548536496,13,70.22958739804866,37.59354778163742,0.0,0.0,0.0,0.1361686515472552,0.2446746061890207,0.0,0.0,2.446746061890208,0.0,0.0,0.0,0.0,0.1808432577362759,0.0361686515472551,0.0,0.0,0.0,0.0,0.2446746061890207,0.5553253938109792,0.0,0.2,0.0,0.0,0.8,0.8,1056.6383134845275,60.0,230.0,105.66383134845276,60.08504628459464,105.66383134845276,0.0293437240035166,10.0,3610.2317429064615,BACKDOOR_MALWARE
4.16,17,64.62,560.7358288770054,0.0,0.0,0.0,0.0,0.01,0.0,0.0,1.0,0.0,0.0,0.0,0.0,0.01,0.02,0.0,0.0,0.0,0.0,0.01,0.48,0.0,0.06,0.0,0.0,0.94,0.94,86698.0,60.0,1514.0,866.98,604.7528417427728,866.98,0.0017833709716796,100.0,365725.9995959592,DDOS-UDP_FRAGMENTATION
29.31958261709919,6,96.16083476580162,67.27375871374728,0.0824739135686992,0.0175260864313007,0.0,0.4649478271373984,0.8824739135686993,0.0,0.0,8.824739135686993,0.1752608643130075,0.8247391356869924,0.0,0.0175260864313007,0.8123695678434962,0.0,0.0,0.0,0.0,0.0,0.8824739135686993,0.1175260864313007,0.0,0.0,0.0,0.0,1.0,1.0,1267.1856954368334,66.0,317.0,126.71856954368332,84.86804108973614,126.71856954368332,0.0186685715595372,10.0,7202.585632449493,SQLINJECTION
20.008558878201143,8,114.81280052937748,33.21584978703481,0.0265953426816571,0.1468093146366857,0.0,0.0734046573183428,0.4202139719550286,0.0,0.0,4.202139719550286,1.4680931463668572,0.2659534268165714,0.0,0.3468093146366857,0.1468093146366857,0.1468093146366857,0.0,0.0,0.0,0.0,0.4936186292733714,0.3797860280449714,0.0,0.1265953426816571,0.0,0.0,0.8734046573183429,0.8734046573183429,1168.244934110556,60.0,276.244934110556,116.8244934110556,81.32932568648083,116.8244934110556,0.036262791607937,10.0,6614.459223833482,BACKDOOR_MALWARE
0.0,47,64.0,3413.194450095618,0.0,0.0,0.0,0.0,0.0,0.0,0.0,0.0,0.0,0.0,0.0,0.0,0.0,0.0,0.0,0.0,0.0,0.0,0.0,0.0,0.0,0.0,0.0,0.0,1.0,1.0,59200.0,592.0,592.0,592.0,0.0,592.0,0.0002947807312011,100.0,0.0,MIRAI-GREETH_FLOOD
9.68,17,78.33,1042.6096661852548,0.0,0.0,0.01,0.02,0.08,0.0,0.0,8.0,0.0,0.0,1.0,0.0,0.07,0.02,0.0,0.0,0.0,0.0,0.08,0.92,0.0,0.0,0.0,0.0,1.0,1.0,56418.0,60.0,1494.0,564.18,216.3650758801104,564.18,0.0009635114669799,100.0,46813.846060605945,MIRAI-UDPPLAIN
41.6,6,99.4,13828.895483020113,0.0,0.0,0.0,0.4,1.0,0.0,0.0,10.0,0.0,0.0,0.0,1.0,0.0,0.0,0.0,0.0,0.0,0.0,1.0,0.0,0.0,0.0,0.0,0.0,1.0,1.0,11924.0,78.0,2858.0,1192.4,1090.388228517205,1192.4,7.491111755371093e-05,10.0,1188946.4888888889,BENIGN
34.68846755422703,6,67.5824384847542,1426.4061717486543,0.0063632548726551,0.3672776866554832,0.0236367451273448,0.3633361309338623,0.6169644832596202,0.0,0.0,61.69644832596202,36.727768665548325,0.6363254872655136,2.3636745127344865,0.9215156601697932,0.0163632548726551,0.0021210849575517,0.0,0.0,0.0,0.0,0.9636367451273448,0.03,0.0021210849575517,0.0042421699151034,0.0021210849575517,0.0,0.9957578300848966,0.9957578300848966,47663.63674512735,60.0,2844.7040018473904,476.63636745127343,653.0741547120892,476.63636745127343,0.0007449679448576,100.0,426505.8964963208,DOS-HTTP_FLOOD
20.0,6,64.0,49501.9945709902,0.0,1.0,0.0,0.0,0.0,0.0,0.0,0.0,100.0,0.0,0.0,0.0,0.0,0.0,0.0,0.0,0.0,0.0,1.0,0.0,0.0,0.0,0.0,0.0,1.0,1.0,6000.0,60.0,60.0,60.0,0.0,60.0,2.021074295043945e-05,100.0,0.0,DDOS-SYNONYMOUSIP_FLOOD
0.4,47,64.0,4315.527157864412,0.0,0.01,0.0,0.0,0.0,0.0,0.0,0.0,1.0,0.0,0.0,0.0,0.01,0.0,0.0,0.0,0.0,0.0,0.01,0.0,0.0,0.0,0.0,0.0,1.0,1.0,57296.0,74.0,578.0,572.96,50.400000000000034,572.96,0.0002324318885803,100.0,2540.1600000000035,MIRAI-GREIP_FLOOD
32.0,6,62.6,343.7944646730234,0.0,0.0,0.0,0.0,1.0,0.0,0.0,10.0,0.0,0.0,0.0,1.0,0.0,0.0,0.0,0.0,0.0,0.0,1.0,0.0,0.0,0.0,0.0,0.0,1.0,1.0,2108.0,66.0,1514.0,210.8,457.8978051923814,210.8,0.0029356271630974,10.0,209670.40000000005,COMMANDINJECTION
32.0,6,192.1,3219.7006217855223,0.0,0.0,0.0,0.1,1.0,0.0,0.0,10.0,0.0,0.0,0.0,0.0,1.0,0.0,0.0,0.0,0.0,0.0,1.0,0.0,0.0,0.0,0.0,0.0,1.0,1.0,10656.0,66.0,1494.0,1065.6,689.7895331186173,1065.6,0.0003121852874755,10.0,475809.6,COMMANDINJECTION
21.6,6,66.4,193.8585406662076,0.2,0.0,0.0,0.2,0.6,0.0,0.0,6.0,0.0,2.0,0.0,0.5,0.1,0.2,0.0,0.0,0.0,0.0,0.6,0.3,0.0,0.0,0.1,0.0,1.0,1.0,1155.0,60.0,441.0,115.5,117.76553919641442,115.5,0.005158519744873,10.0,13868.722222222224,SQLINJECTION
8.0,17,64.0,6746.290934825966,0.0,0.0,0.0,0.0,0.0,0.0,0.0,0.0,0.0,0.0,0.0,0.0,0.0,0.0,0.0,0.0,0.0,0.0,0.0,1.0,0.0,0.0,0.0,0.0,1.0,1.0,55400.0,554.0,554.0,554.0,0.0,554.0,0.0001488900184631,100.0,0.0,MIRAI-UDPPLAIN
27.2,6,79.0,60.07095134090014,0.0,0.0,0.0,0.6,0.9,0.0,0.0,9.0,0.0,0.0,0.0,0.0,0.7,0.0,0.0,0.0,0.0,0.0,0.9,0.1,0.0,0.0,0.0,0.0,1.0,1.0,1140.0,66.0,230.0,114.0,54.564946012374406,114.0,0.0225201845169067,10.0,2977.333333333333,BENIGN
19.599705215978968,6,125.40917515265468,50.14888458635247,0.0,0.0,0.0,0.2000736960052583,0.6001105440078875,0.0,0.0,6.001105440078876,0.0,0.0,0.0,0.0,0.2002579360184042,0.0,0.0,0.0,0.0,0.0,0.6001105440078875,0.1999631519973708,0.0,0.1999263039947416,0.0,0.0,0.8000736960052584,0.8000736960052584,1028.9863662390271,60.0,214.00589568042068,102.89863662390272,60.51340200570057,102.89863662390272,0.0206633055184624,10.0,3661.871828872464,XSS
32.28,6,66.33,378.94299372178347,0.04,0.27,0.03,0.39,0.69,0.0,0.0,69.0,27.0,4.0,3.0,0.89,0.04,0.01,0.0,0.0,0.0,0.0,0.93,0.06,0.0,0.01,0.0,0.0,0.99,0.99,77088.0,60.0,2962.0,770.88,945.876348294335,770.88,0.00301029920578,100.0,894682.0662626261,DOS-HTTP_FLOOD
8.0,17,64.0,10199.907589795968,0.0,0.0,0.0,0.0,0.0,0.0,0.0,0.0,0.0,0.0,0.0,0.0,0.0,0.0,0.0,0.0,0.0,0.0,0.0,1.0,0.0,0.0,0.0,0.0,1.0,1.0,6000.0,60.0,60.0,60.0,0.0,60.0,0.0001005101203918,100.0,0.0,DDOS-UDP_FLOOD
20.0,6,64.0,29869.70517020368,0.0,0.0,0.0,0.0,0.0,0.0,0.0,0.0,0.0,0.0,0.0,0.0,0.0,0.0,0.0,0.0,0.0,0.0,1.0,0.0,0.0,0.0,0.0,0.0,1.0,1.0,6000.0,60.0,60.0,60.0,0.0,60.0,3.34787368774414e-05,100.0,0.0,DDOS-TCP_FLOOD
24.741425614004942,6,91.1098915498156,63.75484072911033,0.0,0.0,0.0,0.3975594005835394,0.7487797002917697,0.0,0.0,7.487797002917697,0.0,0.0,0.0,0.1024405994164606,0.2487797002917697,0.0,0.0,0.0,0.0,0.0,0.7487797002917697,0.2512202997082303,0.0,0.0,0.0,0.0,1.0,1.0,1913.342329679053,62.92678201750618,761.0,191.3342329679053,211.10652977690896,191.3342329679053,0.0172863809759027,10.0,44565.96757917464,BROWSERHIJACKING
20.8,6,95.4,80.6686899692658,0.0,0.0,0.0,0.2,0.6,0.0,0.0,6.0,0.0,0.0,0.0,0.0,0.6,0.0,0.0,0.0,0.0,0.0,0.6,0.2,0.0,0.1,0.1,0.0,0.9,0.9,8434.0,60.0,2962.0,843.4,1197.0345024267262,843.4,0.0136849880218505,10.0,1432891.6,BENIGN
8.326628246507076,17,60.76745677732045,1792.1648504970813,0.0,0.0,0.0,0.006804755135564,0.0136095102711281,0.0,0.0,1.360951027112814,0.0,0.0,0.0,0.0,0.0136095102711281,0.0136095102711281,0.0,0.0,0.0,0.0,0.0136095102711281,0.986390489728872,0.0,0.0,0.0,0.0,1.0,1.0,126101.32564930142,68.87572037799234,1392.0,1261.013256493014,394.9952732795685,1261.013256493014,0.0005800657301187,100.0,156022.98708072217,DDOS-SLOWLORIS
22.704318591744343,6,63.66618050641811,47401.72512328769,0.0,0.1404318591744341,0.8543522112383487,0.0,0.8543522112383487,0.0,0.0,85.43522112383486,14.04318591744342,0.0,85.43522112383486,0.0,0.0,0.0,0.0,0.0,0.0,0.0,0.9947840704127828,0.0,0.0,0.005215929587217,0.0,0.0,0.9947840704127828,0.9947840704127828,6196.604602844208,60.0,74.0,61.96604602844208,4.884385472285068,61.96604602844208,2.1171664771957497e-05,100.0,23.878529259288985,DDOS-HTTP_FLOOD
0.0,47,64.0,5748.456773203224,0.0,0.0,0.0,0.0,0.0,0.0,0.0,0.0,0.0,0.0,0.0,0.0,0.0,0.0,0.0,0.0,0.0,0.0,0.0,0.0,0.0,0.0,0.0,0.0,1.0,1.0,59200.0,592.0,592.0,592.0,0.0,592.0,0.0001751017570495,100.0,0.0,MIRAI-GREETH_FLOOD
10.04,6,65.1,1163.5072457335611,0.0,0.0,0.0,0.0,0.49,0.0,0.0,49.0,0.0,0.0,0.0,0.0,0.01,0.0,0.0,0.0,0.0,0.0,0.49,0.0,0.0,0.01,0.0,0.0,0.99,0.99,91510.0,60.0,1514.0,915.1,579.8649355102825,915.1,0.0008594799041748,100.0,336243.34343434405,DDOS-ACK_FRAGMENTATION
20.0,6,64.0,36834.14419952578,0.0,1.0,0.0,0.0,0.0,0.0,0.0,0.0,100.0,0.0,0.0,0.0,0.0,0.0,0.0,0.0,0.0,0.0,1.0,0.0,0.0,0.0,0.0,0.0,1.0,1.0,6000.0,60.0,60.0,60.0,0.0,60.0,2.7148723602294923e-05,100.0,0.0,DDOS-SYN_FLOOD
20.0,6,64.0,14369.960257640128,0.0,1.0,0.0,0.0,0.0,0.0,0.0,0.0,100.0,0.0,0.0,0.0,0.0,0.0,0.0,0.0,0.0,0.0,1.0,0.0,0.0,0.0,0.0,0.0,1.0,1.0,6000.0,60.0,60.0,60.0,0.0,60.0,6.958961486816406e-05,100.0,0.0,DDOS-SYNONYMOUSIP_FLOOD
33.6,6,64.0,620.4956509460122,0.2,0.2,0.0,0.3,0.9,0.0,0.0,9.0,2.0,2.0,0.0,1.0,0.0,0.0,0.0,0.0,0.0,0.0,1.0,0.0,0.0,0.0,0.0,0.0,1.0,1.0,2163.0,66.0,645.0,216.3,247.86871525063427,216.3,0.0018973955397333,10.0,61438.90000000001,SQLINJECTION
28.04,6,71.95,99.1002706748726,0.0,0.04,0.03,0.3,0.84,0.0,0.0,84.0,4.0,0.0,3.0,0.6,0.23,0.0,0.0,0.0,0.0,0.0,0.87,0.09,0.0,0.04,0.0,0.0,0.96,0.96,13802.0,60.0,1485.0,138.02,206.1110801818704,138.02,0.0100908088684082,100.0,42481.77737373739,DDOS-SLOWLORIS
12.643138374662357,14,175.17904894836084,25.61983889027453,0.0,0.0,0.0,0.2202615312218631,0.320261531221863,0.0,0.0,3.2026153122186307,0.0,0.0,0.0,0.0,0.2,0.0,0.0,0.0,0.0,0.0,0.320261531221863,0.4797384687781369,0.0,0.1797384687781369,0.020261531221863,0.0,0.8202615312218631,0.8202615312218631,1518.2287684344049,60.0,237.49676655208933,151.8228768434405,73.48100547499241,151.8228768434405,0.0430940294164255,10.0,5399.458169281447,BROWSERHIJACKING
0.0,47,64.0,1252.662985207463,0.0,0.0,0.0,0.0,0.0,0.0,0.0,0.0,0.0,0.0,0.0,0.0,0.0,0.0,0.0,0.0,0.0,0.0,0.0,0.0,0.0,0.0,0.0,0.0,1.0,1.0,57800.0,578.0,578.0,578.0,0.0,578.0,0.0007983088493347,100.0,0.0,MIRAI-GREIP_FLOOD
54.0,6,83.1,17757.425910245554,0.0,0.0,0.0,0.0,0.9,0.0,0.0,9.0,0.0,0.0,0.0,0.0,0.9,0.0,0.0,0.0,0.0,0.0,0.9,0.1,0.0,0.0,0.0,0.0,1.0,1.0,1068.0,86.0,230.0,106.8,43.36101679824607,106.8,0.0003987073898315,10.0,1880.177777777778,BENIGN
32.0,6,64.0,2380.9836427443674,0.0,0.0,0.0,0.3855688357916877,1.0,0.0,0.0,10.0,0.0,0.0,0.0,0.0,0.2288623284166245,0.0,0.0,0.0,0.0,0.0,1.0,0.0,0.0,0.0,0.0,0.0,1.0,1.0,15094.227534316677,1509.4227534316676,1509.4227534316676,1509.4227534316676,0.0,1509.4227534316676,0.0004606502147898,10.0,0.0,BROWSERHIJACKING
16.41891154432246,6,77.50675258015582,20.472805355682144,0.0,0.0,0.0,0.3,0.5355722285929774,0.0,0.0,5.355722285929773,0.0,0.0,0.0,0.0,0.1778611429648866,0.0644277714070226,0.0,0.0,0.0,0.0,0.5355722285929774,0.393283314221068,0.0,0.0355722285929773,0.0355722285929773,0.0,0.9644277714070226,0.9644277714070226,852.8855542814046,60.0,153.4228891437191,85.28855542814046,31.53958961716615,85.28855542814046,0.0535127114338617,10.0,994.74571606354,XSS
10.825477560405696,15,104.8554256701961,69.57044732676991,0.0130809146315078,0.0392427438945235,0.0,0.0,0.078485487789047,0.0,0.0,0.7848548778904707,0.3924274389452353,0.1308091463150784,0.0,0.0130809146315078,0.0523236585260313,0.0130809146315078,0.0,0.0,0.0,0.0,0.1046473170520627,0.8953526829479372,0.0,0.0,0.0,0.0,1.0,1.0,908.26161829263,60.78485487789047,222.11016707153487,90.826161829263,64.97145060784243,90.826161829263,0.0151447175932884,10.0,4221.299682573493,DICTIONARYBRUTEFORCE
32.0,6,52.8,675.8615576985842,0.0,0.0,0.0,0.0,1.0,0.0,0.0,10.0,0.0,0.0,0.0,0.0,1.0,0.0,0.0,0.0,0.0,0.0,1.0,0.0,0.0,0.0,0.0,0.0,1.0,1.0,4944.0,66.0,1494.0,494.4,689.7895331186173,494.4,0.0022006764914236,10.0,475809.6,COMMANDINJECTION
32.0,6,214.8,184.76784550051983,0.0,0.0,0.0,0.0,1.0,0.0,0.0,10.0,0.0,0.0,0.0,0.0,1.0,0.0,0.0,0.0,0.0,0.0,1.0,0.0,0.0,0.0,0.0,0.0,1.0,1.0,660.0,66.0,66.0,66.0,0.0,66.0,0.0054534912109375,10.0,0.0,BENIGN
20.0,6,64.0,29078.646699944537,0.0,0.0,0.0,1.0,1.0,0.0,0.0,100.0,0.0,0.0,0.0,0.0,1.0,0.0,0.0,0.0,0.0,0.0,1.0,0.0,0.0,0.0,0.0,0.0,1.0,1.0,6000.0,60.0,60.0,60.0,0.0,60.0,3.439903259277344e-05,100.0,0.0,DDOS-PSHACK_FLOOD
32.0,6,215.2,11223.719561145304,0.0,0.0,0.0,0.0,1.0,0.0,0.0,10.0,0.0,0.0,0.0,0.0,1.0,0.0,0.0,0.0,0.0,0.0,1.0,0.0,0.0,0.0,0.0,0.0,1.0,1.0,2108.0,66.0,1514.0,210.8,457.8978051923814,210.8,0.0018953800201416,10.0,209670.40000000005,BENIGN
14.202278248919471,9,119.54560117842676,29.149533753765205,0.0,0.0,0.0,0.2030416874523296,0.4030416874523296,0.0,0.0,4.030416874523297,0.0,0.0,0.0,0.0,0.2,0.0,0.0,0.0,0.0,0.0,0.4030416874523296,0.4676805624841099,0.0,0.0646388750317802,0.0646388750317802,0.0,0.9353611249682198,0.9353611249682198,2098.7072224993644,60.0,400.74903061848505,209.87072224993645,137.29086600423037,209.87072224993645,0.041373234675626,10.0,18848.78831807585,BACKDOOR_MALWARE
29.040666821224047,6,62.68240044590513,178.33916360636167,0.0,0.0,0.0,0.5924791618367485,0.9075208381632516,0.0,0.0,9.075208381632514,0.0,0.0,0.0,0.0,0.3526458671427601,0.0,0.0,0.0,0.5548749710204913,0.0,0.9075208381632516,0.0,0.0,0.0924791618367485,0.0,0.0,0.9075208381632516,0.9075208381632516,2473.905406330642,60.45125028979509,1492.4206239857172,247.39054063306412,438.8983087969031,247.39054063306412,0.005679585293147,10.0,192631.7265887235,DICTIONARYBRUTEFORCE
32.0,6,197.2,515.8093832626207,0.0,0.0,0.0,0.2,1.0,0.0,0.0,10.0,0.0,0.0,0.0,0.0,0.9,0.0,0.0,0.0,0.0,0.0,1.0,0.0,0.0,0.0,0.0,0.0,1.0,1.0,761.0,66.0,156.0,76.1,28.28603895917561,76.1,0.0060554981231689,10.0,800.1000000000001,BENIGN
27.797080551066315,6,70.61458986434052,119.33086662800255,0.0863807373304256,0.0598118893653178,0.0,0.270857788008723,0.8006696773740409,0.0,0.0,80.0669677374041,5.9811889365317885,8.638073733042564,0.0,0.593054930765528,0.1910458986434051,0.0255229493217025,0.0,0.0,0.0,0.0,0.8287659907219127,0.1284725346172359,0.0,0.0363807373304256,0.0063807373304256,0.0,0.9636192626695744,0.9636192626695744,13467.534986293578,60.0,552.0,134.67534986293578,140.35311841443186,134.67534986293578,0.0087692496327369,100.0,19699.026514611905,DDOS-SLOWLORIS
10.454631764096074,17,130.6830191412771,26.534696819410325,0.0,0.0,0.0,0.1465855147439953,0.2,0.0,0.0,2.0,0.0,0.0,0.0,0.0,0.1068289705120093,0.1397565442319859,0.0,0.0,0.0,0.0,0.2,0.6465855147439953,0.0,0.0,0.1534144852560047,0.0,1.0,1.0,1561.4049912054363,79.50979927575864,230.46585514743995,156.14049912054364,54.19537334646476,156.14049912054364,0.0604821473060833,10.0,2937.553504489176,XSS
17.6,17,87.2,260.2619805531252,0.0,0.0,0.0,0.0,0.4,0.0,0.0,4.0,0.0,0.0,0.0,0.0,0.4,0.3,0.0,0.0,0.0,0.0,0.4,0.6,0.0,0.0,0.0,0.0,1.0,1.0,5036.0,60.0,1514.0,503.6,697.3183873477977,503.6,0.0044600963592529,10.0,486252.93333333335,BENIGN
4.64,17,62.28,540.3861019779223,0.01,0.0,0.02,0.0,0.01,0.0,0.0,1.0,0.0,1.0,2.0,0.0,0.02,0.02,0.0,0.0,0.0,0.0,0.03,0.49,0.0,0.05,0.03,0.0,0.95,0.95,75918.0,60.0,1514.0,759.18,604.3200098817135,759.18,0.0018515396118164,100.0,365202.6743434344,DDOS-UDP_FRAGMENTATION
27.362311453575817,6,115.76869343607277,173.95426992336832,0.0640577863393954,0.0320288931696977,0.0,0.2640577863393955,0.7640577863393955,0.0,0.0,7.640577863393954,0.3202889316969772,0.6405778633939545,0.0,0.0,0.6320288931696977,0.0,0.0,0.0,0.0640577863393954,0.0,0.7960866795090932,0.2039133204909068,0.0,0.0,0.0,0.0,1.0,1.0,3505.447928581636,61.921733590181866,2606.242022521879,350.5447928581636,798.441160106698,350.5447928581636,0.0058324110362104,10.0,637508.474495196,DICTIONARYBRUTEFORCE
10.4,17,64.0,196.77248950294387,0.0,0.0,0.0,0.1,0.1,0.0,0.0,1.0,0.0,0.0,0.0,0.0,0.1,0.0,0.0,0.0,0.0,0.0,0.1,0.9,0.0,0.0,0.0,0.0,1.0,1.0,696.0,60.0,156.0,69.6,30.35786553761644,69.6,0.0058279037475585,10.0,921.6,BENIGN
30.8,6,67.32,732.1767850097931,0.06,0.18,0.17,0.33,0.7,0.0,0.0,70.0,18.0,6.0,17.0,0.0,0.97,0.0,0.0,0.0,0.0,0.0,0.97,0.03,0.0,0.0,0.0,0.0,1.0,1.0,10672.0,60.0,1445.0,106.72,144.9362158560333,106.72,0.0013678002357482,100.0,21006.506666666683,DDOS-SLOWLORIS
21.6,6,86.1,45.76825960092621,0.0,0.0,0.0,0.4,0.7,0.0,0.0,7.0,0.0,0.0,0.0,0.0,0.5,0.2,0.0,0.0,0.0,0.0,0.7,0.2,0.0,0.0,0.1,0.0,1.0,1.0,1118.0,66.0,189.0,111.8,44.66616915145809,111.8,0.0229120016098022,10.0,1995.0666666666664,DICTIONARYBRUTEFORCE
36.4,6,56.0,1362.5833279189137,0.1,0.1,0.0,0.0,0.8,0.0,0.0,8.0,1.0,1.0,0.0,0.1,0.8,0.1,0.0,0.0,0.0,0.0,0.9,0.1,0.0,0.0,0.0,0.0,1.0,1.0,3588.0,66.0,1494.0,358.8,598.3170471321113,358.8,0.0007365942001342,10.0,357983.288888889,SQLINJECTION
12.953874381506266,17,108.7950787977126,24.66574020831493,0.0,0.0397447658960943,0.0,0.0,0.2,0.0,0.0,2.0,0.3974476589609437,0.0,0.0,0.0397447658960943,0.2,0.2,0.0,0.0,0.0,0.0,0.2397447658960943,0.6205104682078112,0.0,0.0,0.1397447658960944,0.0,1.0,1.0,934.0902493353206,60.0,189.0,93.40902493353208,39.63971465337509,93.40902493353208,0.0557307810658042,10.0,1571.3116690144666,BACKDOOR_MALWARE
30.76369488794425,6,155.57453305810975,115.7269138689213,0.0,0.1454618609930313,0.0,0.3772690695034843,0.8545381390069686,0.0,0.0,8.545381390069686,1.4546186099303136,0.0,0.0,0.6408834865243903,0.2136546524825784,0.0,0.0,0.0,0.0,0.0,0.9,0.1,0.0,0.0,0.0,0.0,1.0,1.0,1552.043369616986,66.0,521.8168650212543,155.2043369616986,148.91614682503587,155.2043369616986,0.0134171247439801,10.0,22176.021398689656,BROWSERHIJACKING
24.8,6,182.6,202.51967591474897,0.0,0.0,0.0,0.1,0.7,0.0,0.0,7.0,0.0,0.0,0.0,0.0,0.7,0.0,0.0,0.0,0.0,0.0,0.7,0.3,0.0,0.0,0.0,0.0,1.0,1.0,912.0,60.0,230.0,91.2,56.46788664561675,91.2,0.0109768152236938,10.0,3188.6222222222223,BENIGN
10.911127433655846,17,61.25011017717696,188.14222421411424,0.0,0.0,0.0,0.0728404129808803,0.2364202064904401,0.0,0.0,2.364202064904402,0.0,0.0,0.0,0.0,0.1271595870191196,0.0,0.0,0.0,0.0,0.0,0.2364202064904401,0.6635797935095598,0.0,0.1,0.0,0.0,0.9,0.9,799.6669115048377,60.0,147.8147876105736,79.96669115048377,29.204110239670563,79.96669115048377,0.0083246881451163,10.0,852.9655935105967,BACKDOOR_MALWARE
14.0,6,95.5,79.4526236029551,0.0,0.0,0.0,0.2,0.5,0.0,0.0,5.0,0.0,0.0,0.0,0.0,0.4,0.2,0.0,0.0,0.0,0.0,0.5,0.2,0.0,0.0,0.3,0.0,1.0,1.0,1433.0,60.0,224.0,143.3,66.05393419185735,143.3,0.0131209135055541,10.0,4363.122222222222,XSS
22.4,6,95.9,470.2978112665949,0.0,0.0,0.2,0.4,0.6,0.0,0.0,6.0,0.0,0.0,2.0,0.0,0.6,0.3,0.0,0.0,0.0,0.0,0.6,0.4,0.0,0.0,0.0,0.0,1.0,1.0,1347.0,66.0,242.0,134.7,70.66045570189878,134.7,0.002350902557373,10.0,4992.9,RECON-OSSCAN
24.09794074615757,9,162.5461465030952,74.79827918600866,0.0,0.0,0.0,0.4466156922572564,0.6828134505062198,0.0,0.0,6.828134505062199,0.0,0.0,0.0,0.0,0.4914067252531099,0.10859327474689,0.0,0.0,0.0,0.0,0.6828134505062198,0.2809887912448168,0.0,0.0361977582489633,0.0,0.0,0.9638022417510368,0.9638022417510368,5065.046572642563,63.8281345050622,1494.0,506.50465726425625,573.6443887671696,506.50465726425625,0.0154339435380147,10.0,329067.9363041026,BACKDOOR_MALWARE
34.16702090790616,6,64.0,2925.106300844756,0.0,0.2982447730234608,0.02,0.26,0.8617552269765392,0.0,0.0,86.17552269765392,29.82447730234609,0.0,2.0,0.0,0.0,0.0,0.0,0.0,0.0,0.0,1.0,0.0,0.0,0.0,0.0,0.0,1.0,1.0,9133.473431907038,60.52656809296174,234.0,91.3347343190704,53.41663439161994,91.3347343190704,0.0003501494513044,100.0,2853.336830065619,DDOS-SLOWLORIS
24.8,6,90.5,36.50436427914328,0.2,0.0,0.0,0.2,0.7,0.0,0.0,7.0,0.0,2.0,0.0,0.0,0.7,0.0,0.0,0.0,0.0,0.0,0.7,0.3,0.0,0.0,0.0,0.0,1.0,1.0,1349.0,66.0,284.0,134.9,89.44576258518032,134.9,0.0279713869094848,10.0,8000.544444444444,RECON-PORTSCAN
29.6,6,149.8,45.30689578440925,0.0,0.0,0.0,0.2,0.9,0.0,0.0,9.0,0.0,0.0,0.0,0.0,0.9,0.0,0.0,0.0,0.0,0.0,0.9,0.1,0.0,0.0,0.0,0.0,1.0,1.0,1004.0,66.0,230.0,100.4,58.93725477149407,100.4,0.0231004953384399,10.0,3473.6000000000004,BENIGN
27.493394391516773,6,182.33749513751945,67.96727988293014,0.1102201869494408,0.0,0.0,0.3795596261011182,0.8346697195758387,0.0,0.0,8.346697195758388,0.0,1.102201869494409,0.0,0.0,0.8346697195758387,0.0,0.0,0.0,0.0,0.0,0.8346697195758387,0.1653302804241612,0.0,0.0,0.0,0.0,1.0,1.0,1578.4410074600269,66.0,573.0,157.84410074600268,160.0420888003887,157.84410074600268,0.0188064856039951,10.0,25613.50383588689,BROWSERHIJACKING
8.0,17,64.0,31645.57114833258,0.0,0.0,0.0,0.0,0.0,0.0,0.0,0.0,0.0,0.0,0.0,0.0,0.0,0.0,0.0,0.0,0.0,0.0,0.0,1.0,0.0,0.0,0.0,0.0,1.0,1.0,16200.0,162.0,162.0,162.0,0.0,162.0,3.159999847412109e-05,100.0,0.0,DOS-UDP_FLOOD
17.339929463023438,13,171.35966656292877,53.31438993069109,0.0302372555121837,0.1,0.0,0.2,0.2907117665365513,0.0,0.0,2.9071176653655133,1.0,0.3023725551218378,0.0,0.1302372555121838,0.1209490220487351,0.1697627444878162,0.0,0.0,0.0,0.0,0.3907117665365513,0.6092882334634486,0.0,0.0,0.0,0.0,1.0,1.0,1267.1620391180506,61.81423533073103,230.0,126.71620391180504,70.62700139637695,126.71620391180504,0.0235982803982849,10.0,4988.173470129995,SQLINJECTION
25.6,6,50.8,108.63652139678724,0.0,0.0,0.0,0.2,0.8,0.0,0.0,8.0,0.0,0.0,0.0,0.0,0.8,0.0,0.0,0.0,0.0,0.0,0.8,0.0,0.0,0.2,0.0,0.0,0.8,0.8,9680.0,60.0,1474.0,968.0,668.6962439453856,968.0,0.0093631982803344,10.0,447154.6666666667,BENIGN
22.97395158334829,6,87.99116945828098,29.50005364781176,0.1,0.0,0.0,0.2858719739592682,0.6858719739592682,0.0,0.0,6.858719739592683,0.0,1.0,0.0,0.2,0.1858719739592682,0.0423840781221952,0.0,0.0,0.0,0.0,0.6858719739592682,0.1282560520814635,0.0,0.1717439479185365,0.0141280260407317,0.0,0.8282560520814636,0.8282560520814636,1103.739515833483,60.8476815624439,215.4128026040732,110.37395158334829,61.76319651235696,110.37395158334829,0.0660977932877696,10.0,3814.705816896216,UPLOADING_ATTACK
32.0,6,248.0,1859.0948982757857,0.0,0.0,0.0,0.5,1.0,0.0,0.0,10.0,0.0,0.0,0.0,0.0,1.0,0.0,0.0,0.0,0.0,0.0,1.0,0.0,0.0,0.0,0.0,0.0,1.0,1.0,14940.0,1494.0,1494.0,1494.0,0.0,1494.0,0.0006056070327758,10.0,0.0,XSS
27.2,6,64.0,2797.881395503969,0.0,0.0,0.0,0.0,0.8,0.0,0.0,8.0,0.0,0.0,0.0,0.0,0.8,0.0,0.0,0.0,0.0,0.0,0.8,0.2,0.0,0.0,0.0,0.0,1.0,1.0,15128.0,60.0,2962.0,1512.8,967.3345738563146,1512.8,0.000357699394226,10.0,935736.1777777778,BENIGN
31.3234900800853,6,62.65682387035008,37.91405649479907,0.2,0.105145420003554,0.0,0.294854579996446,0.9,0.0,0.0,9.0,1.0514542000355405,2.0,0.0,0.0,0.810290840007108,0.0,0.0,0.0,0.0,0.0,0.952572710001777,0.0,0.0,0.0474272899982229,0.0,0.0,0.952572710001777,0.952572710001777,1354.9015628982052,63.15436260010662,666.9485457999644,135.49015628982053,188.3962731556388,135.49015628982053,0.0345943146584031,10.0,35493.16000346024,BACKDOOR_MALWARE
9.6,17,133.8,14.550450046034925,0.0,0.0,0.0,0.1,0.2,0.0,0.0,2.0,0.0,0.0,0.0,0.0,0.1,0.0,0.0,0.0,0.0,0.0,0.2,0.4,0.0,0.1,0.3,0.0,0.9,0.9,1419.0,60.0,256.0,141.9,80.4438382420376,141.9,0.0688436985015869,10.0,6471.211111111112,UPLOADING_ATTACK
29.6,6,197.2,260.5999453239556,0.0,0.0,0.0,0.0,0.9,0.0,0.0,9.0,0.0,0.0,0.0,0.0,0.9,0.0,0.0,0.0,0.0,0.0,0.9,0.1,0.0,0.0,0.0,0.0,1.0,1.0,654.0,60.0,66.0,65.4,1.8973665961010275,65.4,0.0039309024810791,10.0,3.6,BENIGN
32.0,6,79.2,111.68192396380852,0.1,0.0,0.0,0.4,1.0,0.0,0.0,10.0,0.0,1.0,0.0,0.0,1.0,0.0,0.0,0.0,0.0,0.0,1.0,0.0,0.0,0.0,0.0,0.0,1.0,1.0,6971.0,66.0,1999.0,697.1,802.0726553401784,697.1,0.0089717864990234,10.0,643320.5444444445,BENIGN
9.92,6,62.08,2043.6492623126544,0.01,0.0,0.0,0.01,0.49,0.0,0.0,49.0,0.0,1.0,0.0,0.0,0.0,0.0,0.0,0.0,0.0,0.0,0.49,0.0,0.0,0.03,0.0,0.0,0.97,0.97,91217.0,60.0,1514.0,912.17,583.574963894827,912.17,0.0004906296730041,100.0,340559.7384848486,DDOS-ACK_FRAGMENTATION
32.839017719016866,6,71.0513162534313,194.49999743798105,0.1168172892563031,0.2468172892563032,0.0376522589530806,0.1655304517906161,0.8138605123970613,0.0,0.0,81.38605123970612,24.68172892563032,11.68172892563032,3.765225895308067,0.6485559944908998,0.1076522589530806,0.0221218071624645,0.0,0.0,0.0,0.0,0.8902259338844548,0.0853045179061613,0.0,0.0155304517906161,0.0089390964187677,0.0,0.9844695482093838,0.9844695482093838,16290.985261156084,60.0,1514.0,162.90985261156086,234.47619117586177,162.90985261156086,0.0080880437670275,100.0,54979.093337116174,DDOS-HTTP_FLOOD
23.01215278920929,6,98.23087994097918,96.21629625654415,0.0,0.0,0.0,0.3,0.6213724418212971,0.0,0.0,6.213724418212971,0.0,0.0,0.0,0.0,0.1393137790893514,0.0,0.0,0.0,0.0,0.0,0.6213724418212971,0.3,0.0,0.0,0.0786275581787028,0.0,1.0,1.0,1974.6990587352263,66.0,756.2823465092778,197.46990587352263,208.5809664491687,197.46990587352263,0.036041102099267,10.0,43506.02164396757,BROWSERHIJACKING
27.536790989571443,6,162.1065533602167,191.0589281052534,0.0,0.0,0.0,0.4512263663190481,0.8512263663190482,0.0,0.0,8.512263663190481,0.0,0.0,0.0,0.0,0.7768395494785723,0.1487736336809518,0.0,0.0,0.0,0.0,0.8512263663190482,0.1487736336809518,0.0,0.0,0.0,0.0,1.0,1.0,1441.926418020857,61.53679098957144,573.0,144.19264180208572,155.93338168057718,144.19264180208572,0.0058068554371392,10.0,24315.22185327476,BROWSERHIJACKING
35.87976424746766,6,63.83905698987064,804.074668741121,0.1049115928003722,0.3601178762661703,0.0625736726663564,0.12,0.9474852654667286,0.0,0.0,94.74852654667288,36.01178762661704,10.491159280037229,6.2573672666356455,0.9974852654667288,0.0,0.0,0.0,0.0,0.0,0.0,0.9974852654667288,0.0,0.0,0.0025147345332712,0.0,0.0,0.9974852654667288,0.9974852654667288,10636.514734533272,60.0,379.0,106.36514734533272,98.0760830923616,106.36514734533272,0.0012454808504303,100.0,9618.938411258025,DDOS-HTTP_FLOOD
23.443213146176404,6,83.2793080726032,145.0661303485882,0.0,0.0,0.0,0.2,0.6521606573088202,0.0,0.0,6.521606573088202,0.0,0.0,0.0,0.0,0.4521606573088202,0.0,0.0,0.0,0.0,0.0,0.6521606573088202,0.2435180280735393,0.0,0.1043213146176404,0.0,0.0,0.8956786853823596,0.8956786853823596,940.0833774733816,60.0,222.34570516941125,94.00833774733816,55.71678380165317,94.00833774733816,0.0089785193607045,10.0,3104.4071093216144,RECON-PINGSWEEP
0.0,1,64.0,147271.91011235956,0.0,0.0,0.0,0.0,0.0,0.0,0.0,0.0,0.0,0.0,0.0,0.0,0.0,0.0,0.0,0.0,0.0,0.0,0.0,0.0,0.0,0.0,1.0,0.0,1.0,1.0,6000.0,60.0,60.0,60.0,0.0,60.0,6.799697875976562e-06,100.0,0.0,DDOS-ICMP_FLOOD
29.660675466631776,6,69.79215839937196,423.64640077951816,0.0075844333289718,0.0075844333289718,0.0,0.0,0.8924155666710282,0.0,0.0,8.92415566671028,0.0758443332897188,0.0758443332897188,0.0,0.068259899960747,0.831740100039253,0.0,0.0,0.0,0.0,0.0,0.9,0.1,0.0,0.0,0.0,0.0,1.0,1.0,808.6067546663178,66.0,214.0,80.86067546663178,46.785539101029535,80.86067546663178,0.0026132677312809,10.0,2188.8898550527206,COMMANDINJECTION
28.04973650118519,6,51.06217062648149,62.47940886906023,0.0,0.2,0.0,0.2580310089497356,0.7160620178994711,0.0,0.0,7.160620178994711,2.0,0.0,0.0,0.1580310089497355,0.6,0.0,0.0,0.0,0.0,0.0,0.8160620178994711,0.0419689910502644,0.0,0.1419689910502644,0.0,0.0,0.8580310089497356,0.8580310089497356,1024.9378293735183,60.0,317.0,102.49378293735184,80.46594308644829,102.49378293735184,0.0167635242486479,10.0,6474.768046539179,RECON-OSSCAN
28.51581592036284,5,47.7494099330331,3224.0381473809584,0.0,0.0,0.0,0.0046732072398154,0.8672875493212922,0.0,0.0,8.67287549321292,0.0,0.0,0.0,0.0,0.8672875493212922,0.0,0.0,0.0,0.0,0.0,0.8672875493212922,0.0953267927601846,0.0,0.0373856579185232,0.0,0.0,0.9626143420814768,0.9626143420814768,652.3643774660646,60.0,66.32712450678707,65.23643774660647,2.011144448246052,65.23643774660647,0.0005147715226453,10.0,4.308769764705335,RECON-PINGSWEEP
20.0,6,64.0,21565.653761118825,0.0,0.0,0.0,1.0,1.0,0.0,0.0,100.0,0.0,0.0,0.0,0.0,0.0,0.0,0.0,0.0,0.0,0.0,1.0,0.0,0.0,0.0,0.0,0.0,1.0,1.0,6000.0,60.0,60.0,60.0,0.0,60.0,4.6379566192626953e-05,100.0,0.0,DDOS-PSHACK_FLOOD
28.92593158529381,6,52.502981072940194,116.84983649516224,0.2062965792646905,0.0,0.0,0.2,0.9062965792646904,0.0,0.0,9.062965792646905,0.0,2.0629657926469056,0.0,0.0062965792646905,0.8,0.0,0.0,0.0,0.1,0.0,0.9062965792646904,0.0,0.0,0.0937034207353094,0.0,0.0,0.9062965792646904,0.9062965792646904,2199.0,60.0,1514.0,219.9,455.587154730635,219.9,0.0091114150832122,10.0,207559.6555555556,RECON-PORTSCAN
20.0,6,51.4,1458.5839476978715,0.0,0.0,0.0,0.0,1.0,0.0,0.0,10.0,0.0,0.0,0.0,1.0,0.0,0.0,0.0,0.0,0.0,0.0,1.0,0.0,0.0,0.0,0.0,0.0,1.0,1.0,5752.0,54.0,1500.0,575.2,679.5862793723186,575.2,0.0007133960723876,10.0,461837.51111111103,DNS_SPOOFING
30.42189270497298,6,74.75313440125005,210.13147570319305,0.0,0.0,0.0,0.1013682940608111,0.9506841470304056,0.0,0.0,9.506841470304057,0.0,0.0,0.0,0.0,0.9506841470304056,0.0,0.0,0.0,0.0,0.0,0.9506841470304056,0.0,0.0,0.0,0.0493158529695944,0.0,1.0,1.0,9367.753707069054,66.0,4350.0,936.7753707069054,1370.472535540041,936.7753707069054,0.0068213690396487,10.0,1878195.809023201,UPLOADING_ATTACK
17.055465584838284,10,77.36740889783695,99.26064983932632,0.057591093080638,0.1151821861612761,0.0,0.0848178138387239,0.3575910930806381,0.0,0.0,3.5759109308063803,1.151821861612761,0.5759109308063804,0.0,0.0,0.0848178138387239,0.0,0.0,0.0,0.0,0.0,0.4151821861612761,0.4424089069193619,0.0,0.0,0.1424089069193619,0.0,1.0,1.0,1569.100202479526,60.0,369.5445344151617,156.9100202479526,137.73450686467643,156.9100202479526,0.0135837602430038,10.0,18970.7949280204,COMMANDINJECTION
29.6,6,63.6,99.8791250136925,0.0,0.1,0.0,0.1,0.8,0.0,0.0,8.0,1.0,0.0,0.0,0.1,0.8,0.0,0.0,0.0,0.0,0.0,0.9,0.0,0.0,0.0,0.1,0.0,1.0,1.0,9478.0,66.0,1514.0,947.8,731.3381646756246,947.8,0.0103691101074218,10.0,534855.511111111,RECON-OSSCAN
14.4,17,55.3,102.23700984514434,0.0,0.0,0.0,0.2,0.3,0.0,0.0,3.0,0.0,0.0,0.0,0.0,0.3,0.0,0.0,0.0,0.0,0.0,0.3,0.6,0.0,0.1,0.0,0.0,0.9,0.9,898.0,60.0,172.0,89.8,45.95359978645126,89.8,0.0103111982345581,10.0,2111.733333333333,BENIGN
30.510057530070675,6,64.0,2638.8542416734545,0.0,0.0167669934048677,0.1353398680973555,0.3512039208584133,0.8478931384977768,0.0,0.0,84.78931384977767,1.6766993404867774,0.0,13.533986809735548,0.99,0.01,0.0,0.0,0.0,0.0,0.0,1.0,0.0,0.0,0.0,0.0,0.0,1.0,1.0,6975.2631046165925,61.93980395707933,143.14271253075125,69.75263104616593,9.612381358401835,69.75263104616593,0.0003789978562895,100.0,92.44922596503586,DDOS-SLOWLORIS
38.17380817105157,6,63.9334073494632,23026.79064672977,0.0092919977493214,0.8088940123787318,0.0247786606648572,0.0823893303324286,0.1756193247057323,0.0,0.0,17.561932470573232,80.88940123787319,0.929199774932148,2.477866066485728,0.845133370844642,0.0061946651662143,0.0,0.0,0.0,0.0,0.0,1.0,0.0,0.0,0.0,0.0,0.0,1.0,1.0,19114.35513561245,65.07080022506786,1700.7476589768485,191.14355135612453,386.8362391966889,191.14355135612453,4.5361006873031056e-05,100.0,149654.04433150284,DDOS-HTTP_FLOOD
19.834227986428072,6,63.46952955656983,35081.82983103424,0.0,0.0,0.9917113993214036,0.0,0.9917113993214036,0.0,0.0,99.17113993214036,0.0,0.0,99.17113993214036,0.0,0.0,0.0,0.0,0.0,0.0,0.0,0.9917113993214036,0.0,0.0,0.0082886006785965,0.0,0.0,0.9917113993214036,0.9917113993214036,6000.0,60.0,60.0,60.0,0.0,60.0,2.8504789306836545e-05,100.0,0.0,DOS-HTTP_FLOOD
16.86940689836628,6,39.06227133135508,99.81268326863564,0.0942160918028102,0.0,0.0,0.1057839081971898,0.5,0.0,0.0,5.0,0.0,0.942160918028102,0.0,0.0,0.4884321836056204,0.0173517245915693,0.0,0.0,0.0,0.0,0.5,0.1173517245915693,0.0,0.3768643672112408,0.0,0.0057839081971897,0.6231356327887592,0.6231356327887592,998.7184368526792,60.0,336.2891954098595,99.87184368526792,88.08810124401151,99.87184368526792,0.0113418804983728,10.0,7759.515865079614,RECON-PINGSWEEP
14.924322791591129,11,68.46895060766093,52.51117589486339,0.0519775779975068,0.0,0.0,0.1039551559950137,0.415820623980055,0.0,0.0,4.15820623980055,0.0,0.5197757799750687,0.0,0.0,0.3118654679850412,0.0519775779975068,0.0,0.0,0.0,0.0,0.415820623980055,0.4361569540174519,0.0,0.1480224220024931,0.0,0.0,0.851977577997507,0.851977577997507,825.7175335797258,60.0,215.5593273399252,82.57175335797257,47.96662685063061,82.57175335797257,0.0195308552639244,10.0,2300.7977473645647,RECON-PORTSCAN
4.8,17,81.4,128.9460027791783,0.0,0.0,0.0,0.0,0.0,0.0,0.0,0.0,0.0,0.0,0.0,0.0,0.0,0.0,0.0,0.0,0.0,0.0,0.0,0.6,0.0,0.3,0.1,0.0,0.7,0.7,1052.0,60.0,230.0,105.2,63.534417619289016,105.2,0.008179497718811,10.0,4036.6222222222223,DICTIONARYBRUTEFORCE
32.8,6,196.9,328.5578655470084,0.0,0.1,0.0,0.1,1.0,0.0,0.0,10.0,1.0,0.0,0.0,0.0,1.0,0.0,0.0,0.0,0.0,0.0,1.0,0.0,0.0,0.0,0.0,0.0,1.0,1.0,758.0,66.0,156.0,75.8,28.2913414316112,75.8,0.0030565977096557,10.0,800.4000000000001,BENIGN
4.0,17,64.0,5728.671328671328,0.0,0.0,0.0,0.0,0.0,0.0,0.0,0.0,0.0,0.0,0.0,0.0,0.0,0.0,0.0,0.0,0.0,0.0,0.0,0.5,0.0,0.0,0.0,0.0,1.0,1.0,93800.0,362.0,1514.0,938.0,578.9017815893061,938.0,0.0001745700836181,100.0,335127.2727272727,DDOS-UDP_FRAGMENTATION
18.4,6,148.0,156.84566368504505,0.0,0.0,0.0,0.1,0.5,0.0,0.0,5.0,0.0,0.0,0.0,0.0,0.4,0.1,0.0,0.0,0.0,0.0,0.5,0.3,0.0,0.0,0.2,0.0,1.0,1.0,4637.0,60.0,1494.0,463.7,563.4974218613999,463.7,0.007212495803833,10.0,317529.3444444444,COMMANDINJECTION
26.0,6,98.2,405.7642597322189,0.0,0.0,0.0,0.3,0.8,0.0,0.0,8.0,0.0,0.0,0.0,0.0,0.7,0.0,0.0,0.0,0.0,0.0,0.8,0.2,0.0,0.0,0.0,0.0,1.0,1.0,7075.0,60.0,1634.0,707.5,726.0676812651681,707.5,0.0027195930480957,10.0,527174.2777777778,BENIGN
10.08,6,63.37,4358.08067164024,0.0,0.0,0.0,0.0,0.5,0.0,0.0,50.0,0.0,0.0,0.0,0.0,0.0,0.0,0.0,0.0,0.0,0.0,0.5,0.01,0.0,0.0,0.0,0.0,1.0,1.0,94244.0,218.0,1514.0,942.44,574.6490597035563,942.44,0.000234739780426,100.0,330221.5418181814,DDOS-ACK_FRAGMENTATION
17.823061888901332,14,114.62129526795044,102.4819381088408,0.1209273807191372,0.0209273807191372,0.0,0.1790726192808627,0.4209273807191372,0.0,0.0,4.209273807191373,0.2092738071913726,1.209273807191373,0.0,0.3209273807191373,0.0209273807191372,0.0418547614382745,0.0,0.0,0.0209273807191372,0.0,0.4418547614382745,0.5581452385617255,0.0,0.0,0.0,0.0,1.0,1.0,1383.1391071078706,61.25564284314824,441.0,138.31391071078707,125.1471742550984,138.31391071078707,0.0112726874340776,10.0,15661.815573439524,RECON-OSSCAN
11.35818344662576,17,131.55967852058285,158.93024090441625,0.0,0.076045413834356,0.0,0.0479091723312879,0.0718637584969319,0.0,0.0,0.7186375849693194,0.7604541383435601,0.0,0.0,0.0,0.1239545861656439,0.452090827668712,0.0,0.0,0.0,0.0,0.1479091723312879,0.752090827668712,0.0,0.0239545861656439,0.076045413834356,0.0,0.976045413834356,0.976045413834356,1309.665467573006,70.64635793680984,230.0,130.9665467573006,70.41773843774735,130.9665467573006,0.0168350971804167,10.0,4958.778107324308,XSS
29.6,6,65.7,100.155308276422,0.1,0.0,0.0,0.2,0.9,0.0,0.0,9.0,0.0,1.0,0.0,0.3,0.6,0.1,0.0,0.0,0.0,0.0,0.9,0.1,0.0,0.0,0.0,0.0,1.0,1.0,6937.0,66.0,2962.0,693.7,988.223776952029,693.7,0.0099953889846801,10.0,976586.2333333336,BENIGN
8.24,17,64.0,17937.407518282515,0.0,0.0,0.0,0.01,0.01,0.0,0.0,1.0,0.0,0.0,0.0,0.0,0.0,0.0,0.0,0.0,0.01,0.0,0.01,0.99,0.0,0.0,0.0,0.0,1.0,1.0,6054.0,60.0,114.0,60.54,5.4,60.54,5.574941635131836e-05,100.0,29.160000000000007,DDOS-UDP_FLOOD
38.04,6,63.36,779.3206986250465,0.13,0.25,0.0,0.07,0.99,0.0,0.0,99.0,25.0,13.0,0.0,0.99,0.0,0.0,0.0,0.0,0.0,0.0,0.99,0.0,0.0,0.01,0.0,0.0,0.99,0.99,10597.0,60.0,559.0,105.97,123.17626812946968,105.97,0.0012831783294677,100.0,15172.393030303008,DDOS-HTTP_FLOOD
33.1991980373423,6,65.73764642030119,923.426195197266,0.11,0.3542141104769906,0.1504570961271975,0.1847714519364012,0.7813712883815925,0.0,0.0,78.13712883815924,35.42141104769906,11.0,15.04570961271975,0.9304570961271976,0.0171571779046018,0.0076142740317993,0.0,0.0,0.0,0.0,0.9652285480635988,0.0123857259682006,0.0,0.02,0.0023857259682006,0.0,0.98,0.98,34211.59422496536,60.0,2962.0,342.1159422496536,686.4381743484404,342.1159422496536,0.0011914816947219,100.0,471197.4892577372,DDOS-HTTP_FLOOD
20.0,6,64.0,43781.87891440501,1.0,0.0,1.0,0.0,0.0,0.0,0.0,0.0,0.0,100.0,100.0,0.0,0.0,0.0,0.0,0.0,0.0,0.0,1.0,0.0,0.0,0.0,0.0,0.0,1.0,1.0,6000.0,60.0,60.0,60.0,0.0,60.0,2.2840499877929687e-05,100.0,0.0,DDOS-RSTFINFLOOD
20.0,6,64.0,48449.85560817835,0.0,1.0,0.0,0.0,0.0,0.0,0.0,0.0,100.0,0.0,0.0,0.0,0.0,0.0,0.0,0.0,0.0,0.0,1.0,0.0,0.0,0.0,0.0,0.0,1.0,1.0,6000.0,60.0,60.0,60.0,0.0,60.0,2.0649433135986328e-05,100.0,0.0,DDOS-SYNONYMOUSIP_FLOOD
32.0,6,214.3,2099.041137023321,0.0,0.0,0.0,0.1,1.0,0.0,0.0,10.0,0.0,0.0,0.0,0.0,1.0,0.0,0.0,0.0,0.0,0.0,1.0,0.0,0.0,0.0,0.0,0.0,1.0,1.0,750.0,66.0,156.0,75.0,28.46049894151541,75.0,0.0005461931228637,10.0,810.0,BENIGN
18.78182237387201,6,79.12814765294308,47.55755416409385,0.0,0.0390911186936006,0.0,0.2390911186936006,0.4609088813063993,0.0,0.0609088813063993,4.609088813063993,0.3909111869360068,0.0,0.0,0.0,0.1,0.1563644747744027,0.0,0.0,0.0,0.0,0.5,0.4,0.0,0.1,0.0,0.0,0.9,0.9,1208.9909572995282,60.0,247.98191459905632,120.89909572995282,71.14213978616628,120.89909572995282,0.0334250940674005,10.0,5061.204333210389,XSS
31.2,6,130.8,100.72026338096828,0.0,0.2,0.0,0.1,0.7,0.0,0.0,7.0,2.0,0.0,0.0,0.2,0.7,0.1,0.0,0.0,0.0,0.0,0.9,0.1,0.0,0.0,0.0,0.0,1.0,1.0,3387.0,66.0,1514.0,338.7,571.3800155957698,338.7,0.010007882118225,10.0,326475.1222222221,RECON-OSSCAN
3.92,17,62.72,1277.956392975101,0.0,0.0,0.0,0.0,0.0,0.0,0.0,0.0,0.0,0.0,0.0,0.0,0.0,0.0,0.0,0.0,0.0,0.0,0.0,0.49,0.0,0.02,0.0,0.0,0.98,0.98,92044.0,60.0,1514.0,920.44,586.247962155361,920.44,0.0007860493659973,100.0,343686.6731313136,DDOS-UDP_FRAGMENTATION
27.4061718264404,6,94.46773029745124,28.55856756130544,0.0,0.0,0.0,0.4262211266617478,0.7893316899926217,0.0,0.0,7.893316899926217,0.0,0.0,0.0,0.0,0.2,0.0,0.0,0.0,0.0,0.0,0.7893316899926217,0.1737788733382522,0.0,0.0,0.0368894366691261,0.0,1.0,1.0,2077.506436598967,63.78663379985243,756.5732675997049,207.7506436598967,210.94083421370067,207.7506436598967,0.0398721746019016,10.0,44496.03590797293,BROWSERHIJACKING
20.0,6,64.0,29549.837959701283,0.0,0.0,0.0,0.0,0.0,0.0,0.0,0.0,0.0,0.0,0.0,0.0,0.0,0.0,0.0,0.0,0.0,0.0,1.0,0.0,0.0,0.0,0.0,0.0,1.0,1.0,6000.0,60.0,60.0,60.0,0.0,60.0,3.384113311767578e-05,100.0,0.0,DOS-TCP_FLOOD
27.42716321421224,6,93.91755198757312,464.5829451114315,0.0447137170236507,0.1340745563699209,0.0991078537204365,0.1847137170236507,0.6905725659526986,0.0,0.0,69.05725659526985,13.40745563699209,4.471371702365074,9.910785372043655,0.6116511031570642,0.1497470143741664,0.0494274340473014,0.0,0.0,0.0,0.0,0.8664314148817462,0.1150332973505156,0.0,0.0061784292559126,0.0123568585118253,0.0,0.9938215707440872,0.9938215707440872,51318.10781660139,60.0,2962.0,513.1810781660139,700.8654088397767,513.1810781660139,0.0024370451378689,100.0,491212.3618296942,DOS-HTTP_FLOOD
29.06182266054426,6,94.06923323895282,354.29062623788724,0.0071937245711332,0.0503560719979329,0.1856125508577334,0.1,0.771225101715467,0.0,0.0,7.712251017154669,0.5035607199793297,0.0719372457113327,1.8561255085773345,0.0,0.2784188262866001,0.0,0.0,0.0,0.5568376525732003,0.0,0.9071937245711332,0.0928062754288667,0.0,0.0,0.0,0.0,1.0,1.0,739.452987794144,60.431623474268,126.57549796569066,73.94529877941439,19.83774236748212,73.94529877941439,0.0030040920214608,10.0,393.53605578158994,DICTIONARYBRUTEFORCE
32.0,6,232.0,313007.7611940298,0.0,0.0,0.0,0.0,1.0,0.0,0.0,10.0,0.0,0.0,0.0,0.0,1.0,0.0,0.0,0.0,0.0,0.0,1.0,0.0,0.0,0.0,0.0,0.0,1.0,1.0,660.0,66.0,66.0,66.0,0.0,66.0,3.504753112792969e-06,10.0,0.0,RECON-OSSCAN
19.6,6,145.8,299.51826329132,0.0,0.4,0.3,0.0,0.4,0.0,0.0,4.0,4.0,0.0,3.0,0.0,0.1,0.0,0.0,0.0,0.0,0.0,0.8,0.1,0.0,0.1,0.0,0.0,0.9,0.9,760.0,60.0,214.0,76.0,48.52490769354092,76.0,0.0034856081008911,10.0,2354.6666666666665,RECON-PORTSCAN
20.0,6,64.0,40306.59235056698,0.0,1.0,0.0,0.0,0.0,0.0,0.0,0.0,100.0,0.0,0.0,0.0,0.0,0.0,0.0,0.0,0.0,0.0,1.0,0.0,0.0,0.0,0.0,0.0,1.0,1.0,6000.0,60.0,60.0,60.0,0.0,60.0,2.4821758270263672e-05,100.0,0.0,DDOS-SYNONYMOUSIP_FLOOD
25.6,6,119.1,54.18934405155496,0.0,0.1,0.0,0.3,0.7,0.0,0.0,7.0,1.0,0.0,0.0,0.3,0.4,0.0,0.0,0.0,0.0,0.0,0.7,0.3,0.0,0.0,0.0,0.0,1.0,1.0,1520.0,66.0,262.0,152.0,79.17350847628545,152.0,0.0188028097152709,10.0,6268.444444444444,RECON-OSSCAN
20.0,6,64.0,27973.21595304789,0.0,1.0,0.0,0.0,0.0,0.0,0.0,0.0,100.0,0.0,0.0,0.0,0.0,0.0,0.0,0.0,0.0,0.0,1.0,0.0,0.0,0.0,0.0,0.0,1.0,1.0,6000.0,60.0,60.0,60.0,0.0,60.0,3.574848175048828e-05,100.0,0.0,DDOS-SYN_FLOOD
29.6,6,154.0,263.81759285467183,0.0,0.0,0.0,0.1,0.9,0.0,0.0,9.0,0.0,0.0,0.0,0.0,0.9,0.1,0.0,0.0,0.0,0.0,0.9,0.1,0.0,0.0,0.0,0.0,1.0,1.0,13570.0,66.0,8754.0,1357.0,2752.662912728529,1357.0,0.0038268089294433,10.0,7577153.111111111,RECON-PINGSWEEP
32.0,6,64.0,526.0106849933533,0.0,0.0,0.0,0.6,1.0,0.0,0.0,10.0,0.0,0.0,0.0,0.0,0.0,0.0,0.0,0.0,1.0,0.0,1.0,0.0,0.0,0.0,0.0,0.0,1.0,1.0,1484.0,66.0,550.0,148.4,145.48860207361034,148.4,0.0019287109375,10.0,21166.93333333333,DICTIONARYBRUTEFORCE
32.8,6,93.9,77.10982297647347,0.0,0.1,0.0,0.5,0.9,0.0,0.0,9.0,1.0,0.0,0.0,0.0,0.9,0.0,0.0,0.0,0.0,0.0,1.0,0.0,0.0,0.0,0.0,0.0,1.0,1.0,3292.0,66.0,2480.0,329.2,756.300469390308,329.2,0.0135035037994384,10.0,571990.4000000001,BENIGN
20.0,6,64.0,44720.16206418595,0.0,0.0,0.0,1.0,1.0,0.0,0.0,100.0,0.0,0.0,0.0,0.0,0.0,0.0,0.0,0.0,0.0,0.0,1.0,0.0,0.0,0.0,0.0,0.0,1.0,1.0,6000.0,60.0,60.0,60.0,0.0,60.0,2.237081527709961e-05,100.0,0.0,DDOS-PSHACK_FLOOD
31.734869154837767,6,80.60588634550622,533.07751369472,0.0,0.0,0.0,0.5715931237326178,0.990531041244206,0.0,0.0,9.90531041244206,0.0,0.0,0.0,0.0,0.990531041244206,0.0,0.0,0.0,0.0,0.0,0.990531041244206,0.004734479377897,0.0,0.004734479377897,0.0,0.0,0.9952655206221028,0.9952655206221028,9072.787321531909,65.71593123732617,1742.612854698365,907.278732153191,787.0409184917478,907.278732153191,0.0018810024535496,10.0,619435.0790461579,COMMANDINJECTION
29.6,6,82.7,155.08955643312478,0.0,0.0,0.0,0.2,0.9,0.0,0.0,9.0,0.0,0.0,0.0,0.0,0.9,0.0,0.0,0.0,0.0,0.0,0.9,0.1,0.0,0.0,0.0,0.0,1.0,1.0,10427.0,66.0,1514.0,1042.7,646.0491983329649,1042.7,0.0125159978866577,10.0,417379.56666666665,RECON-OSSCAN
8.0,17,64.0,7605.679366057991,0.0,0.0,0.0,0.0,0.0,0.0,0.0,0.0,0.0,0.0,0.0,0.0,0.0,0.0,0.0,0.0,0.0,0.0,0.0,1.0,0.0,0.0,0.0,0.0,1.0,1.0,6000.0,60.0,60.0,60.0,0.0,60.0,0.0001314806938171,100.0,0.0,DDOS-UDP_FLOOD
11.504860330308082,17,148.78955504601822,44.32879424148032,0.0,0.0,0.0,0.0911582201840729,0.1823164403681458,0.0,0.0,1.8231644036814576,0.0,0.0,0.0,0.0,0.1823164403681458,0.0265253394477813,0.0,0.0,0.0,0.0,0.1823164403681458,0.7088417798159271,0.0,0.1,0.0088417798159271,0.0,0.9,0.9,1685.6887269730285,60.0,230.0,168.56887269730285,77.31568996549524,168.56887269730285,0.0268794283842845,10.0,5977.728667588536,UPLOADING_ATTACK
39.2,6,64.0,26910.714744001027,0.0,0.96,0.04,0.0,0.04,0.0,0.0,4.0,96.0,0.0,4.0,0.0,0.0,0.0,0.0,0.0,0.0,0.0,1.0,0.0,0.0,0.0,0.0,0.0,1.0,1.0,7344.0,60.0,74.0,73.44,2.757249397937048,73.44,3.71694564819336e-05,100.0,7.602424242424211,DOS-HTTP_FLOOD
32.0,6,113.7,61.473017734134544,0.0,0.0,0.0,0.2,1.0,0.0,0.0,10.0,0.0,0.0,0.0,0.0,1.0,0.0,0.0,0.0,0.0,0.0,1.0,0.0,0.0,0.0,0.0,0.0,1.0,1.0,6632.0,66.0,1514.0,663.2,733.070983375189,663.2,0.0167948961257934,10.0,537393.0666666667,BENIGN
25.91478461988505,6,87.77479630421097,396.1737427086149,0.0,0.0,0.0,0.2464493591618775,0.8098370193714081,0.0,0.0,8.098370193714082,0.0,0.0,0.0,0.0,0.8098370193714081,0.0,0.0,0.0,0.0,0.0,0.8098370193714081,0.0,0.0,0.1901629806285918,0.0,0.0,0.8098370193714081,0.8098370193714081,7139.222347515231,62.19674038742816,2912.2072178849617,713.9222347515231,1151.160165166969,713.9222347515231,0.0049425653385943,10.0,1325173.723411818,BROWSERHIJACKING
24.8,6,81.1,53.3285187723378,0.0,0.0,0.0,0.5,0.7,0.0,0.0,7.0,0.0,0.0,0.0,0.0,0.3,0.0,0.0,0.0,0.0,0.0,0.7,0.3,0.0,0.0,0.0,0.0,1.0,1.0,1957.0,60.0,680.0,195.7,186.76428994858733,195.7,0.0187517881393432,10.0,34880.899999999994,BENIGN
26.269509631802617,6,90.8736453668812,53.584870297807576,0.0269509631802617,0.0134754815901308,0.0,0.2730490368197382,0.8865245184098691,0.0,0.0,8.865245184098692,0.1347548159013087,0.2695096318026175,0.0,0.0134754815901308,0.7595735552296075,0.0,0.0,0.0,0.0,0.0,0.9,0.1,0.0,0.0,0.0,0.0,1.0,1.0,811.5816637406444,60.0,215.40426444770392,81.15816637406445,47.67613638004347,81.15816637406445,0.0213350551136925,10.0,2273.0223790566697,UPLOADING_ATTACK
12.145799655006607,16,82.66038052853082,24.156227259509205,0.0,0.0,0.0,0.0047543365763024,0.2063391154350699,0.0,0.0,2.063391154350699,0.0,0.0,0.0,0.0,0.2047543365763024,0.196830442282465,0.0,0.0,0.0,0.0,0.2063391154350699,0.6952456634236975,0.0984152211412325,0.0984152211412325,0.0,0.0,0.9015847788587676,0.9015847788587676,1995.429479610844,60.09508673152605,345.0,199.5429479610844,128.99911785868096,199.5429479610844,0.0430113232489259,10.0,16640.774847376135,BACKDOOR_MALWARE
20.4,6,171.4,550.9614197328149,0.0,0.4,0.5,0.0,0.5,0.0,0.0,5.0,4.0,0.0,5.0,0.0,0.0,0.0,0.0,0.0,0.0,0.0,0.9,0.1,0.0,0.0,0.0,0.0,1.0,1.0,754.0,60.0,214.0,75.4,48.69907596659304,75.4,0.0020149946212768,10.0,2371.6,RECON-OSSCAN
22.4,6,68.8,400.9314240923777,0.0,0.9,0.0,0.0,0.0,0.0,0.0,0.0,9.0,0.0,0.0,0.0,0.0,0.0,0.0,0.0,0.0,0.0,0.9,0.1,0.0,0.0,0.0,0.0,1.0,1.0,754.0,60.0,214.0,75.4,48.69907596659304,75.4,0.002895188331604,10.0,2371.6,RECON-HOSTDISCOVERY
32.8,6,100.2,963.3883822955188,0.0,0.1,0.0,0.5,0.9,0.0,0.0,9.0,1.0,0.0,0.0,0.0,0.5,0.0,0.0,0.0,0.0,0.1,1.0,0.0,0.0,0.0,0.0,0.0,1.0,1.0,3720.0,66.0,1500.0,372.0,595.4201131227522,372.0,0.0010380983352661,10.0,354525.1111111111,MITM-ARPSPOOFING
20.99550098057693,6,72.27629999113657,259.3730580567494,0.09,0.0912449901942307,0.0,0.1262650294173078,0.951285068640385,0.0,0.0,95.1285068640385,9.124499019423071,9.0,0.0,0.8875100196115386,0.0287550098057692,0.0,0.0,0.0,0.0,0.0,0.951285068640385,0.0399599215538456,0.0175100196115385,0.0087550098057692,0.0,0.0,0.9912449901942308,0.9912449901942308,13865.004007844616,60.0,817.0,138.65004007844615,219.085815082622,138.65004007844615,0.0038584903063779,100.0,47998.602168258,DDOS-HTTP_FLOOD
11.261720857811472,17,95.48264100874052,23.00970560583624,0.0,0.0,0.0,0.1019287768066085,0.2019287768066085,0.0,0.0,2.019287768066085,0.0,0.0,0.0,0.0,0.196142446386783,0.4903561159669575,0.0,0.0,0.0,0.0,0.2019287768066085,0.6,0.0,0.1,0.0980712231933915,0.0,0.9,0.9,1461.4213669580174,60.0,224.1157266083965,146.14213669580172,61.82442568401081,146.14213669580172,0.044599610094184,10.0,3822.26053232714,COMMANDINJECTION
32.52,6,64.0,2094.0632566963727,0.26,0.02,0.39,0.31,0.92,0.0,0.0,92.0,2.0,26.0,39.0,1.0,0.0,0.0,0.0,0.0,0.0,0.0,1.0,0.0,0.0,0.0,0.0,0.0,1.0,1.0,16031.0,60.0,379.0,160.31,140.08891080058018,160.31,0.0004775500297546,100.0,19624.902929292908,DDOS-HTTP_FLOOD
24.4,6,66.3,79.31289828489307,0.2,0.0,0.0,0.3,0.8,0.0,0.0,8.0,0.0,2.0,0.0,0.7,0.0,0.0,0.0,0.0,0.0,0.0,0.8,0.0,0.0,0.2,0.0,0.0,0.8,0.8,1276.0,60.0,441.0,127.6,126.67385944490152,127.6,0.0127667903900146,10.0,16046.266666666665,RECON-PORTSCAN
0.0,1,64.0,11391.993046879245,0.0,0.0,0.0,0.0,0.0,0.0,0.0,0.0,0.0,0.0,0.0,0.0,0.0,0.0,0.0,0.0,0.0,0.0,0.0,0.0,0.0,0.0,1.0,0.0,1.0,1.0,6000.0,60.0,60.0,60.0,0.0,60.0,8.779048919677735e-05,100.0,0.0,DDOS-ICMP_FLOOD
30.12555001235638,6,57.153270766402926,23630.76720738505,0.0,0.0,0.0,0.0,1.0,0.0,0.0,10.0,0.0,0.0,0.0,0.0,1.0,0.0,0.0,0.0,0.0,0.0,1.0,0.0,0.0,0.0,0.0,0.0,1.0,1.0,2921.836318423299,292.1836318423299,292.1836318423299,292.1836318423299,0.0,292.1836318423299,4.2972109403544514e-05,10.0,0.0,UPLOADING_ATTACK
26.119900321212054,6,120.8410288138908,103.30635391147692,0.0783374866161645,0.1783374866161645,0.0,0.1649875401515064,0.6216625133838354,0.0,0.0,6.216625133838354,1.783374866161645,0.7833748661616454,0.0,0.0216625133838354,0.4566749732323291,0.2,0.0,0.0,0.0,0.0,0.7216625133838355,0.2,0.0,0.0783374866161645,0.0,0.0,0.9216625133838354,0.9216625133838354,837.332502676767,61.29975080303013,171.29975080303012,83.73325026767671,32.753711058611856,83.73325026767671,0.0110457380410078,10.0,1072.8250029741855,BACKDOOR_MALWARE
1.6,0,70.2,103.76983272842428,0.0,0.0,0.0,0.0,0.0,0.0,0.0,0.0,0.0,0.0,0.0,0.0,0.0,0.0,0.0,0.0,0.0,0.0,0.0,0.2,0.0,0.5,0.3,0.0,0.5,0.5,901.0,60.0,222.0,90.1,49.59939515760247,90.1,0.0109172105789184,10.0,2460.0999999999995,RECON-PINGSWEEP
24.0,6,92.2,62.05977962533051,0.2,0.0,0.0,0.2,0.7,0.0,0.0,7.0,0.0,2.0,0.0,0.0,0.7,0.0,0.0,0.0,0.0,0.0,0.7,0.2,0.0,0.0,0.0,0.1,1.0,1.0,1319.0,60.0,387.0,131.9,106.84615107714455,131.9,0.0179378986358642,10.0,11416.1,BENIGN
24.8,6,181.2,307.1242686739842,0.0,0.0,0.0,0.5,0.7,0.0,0.0,7.0,0.0,0.0,0.0,0.0,0.7,0.1,0.0,0.0,0.0,0.0,0.7,0.3,0.0,0.0,0.0,0.0,1.0,1.0,5836.0,66.0,2962.0,583.6,938.063395156923,583.6,0.0044528007507324,10.0,879962.9333333333,BENIGN
19.2,6,76.2,47.23687678082732,0.0,0.0,0.0,0.3,0.5,0.0,0.0,5.0,0.0,0.0,0.0,0.0,0.2,0.0,0.0,0.0,0.0,0.0,0.5,0.4,0.0,0.1,0.0,0.0,0.9,0.9,1110.0,60.0,230.0,111.0,65.90397054300547,111.0,0.0290179967880249,10.0,4343.333333333333,BENIGN
8.24,17,64.59,21359.18928553241,0.0,0.0,0.0,0.01,0.01,0.0,0.0,1.0,0.0,0.0,0.0,0.0,0.01,0.0,0.0,0.0,0.0,0.0,0.01,0.99,0.0,0.0,0.0,0.0,1.0,1.0,18115.0,97.0,182.0,181.15,8.499999999999998,181.15,4.682779312133789e-05,100.0,72.24999999999996,DOS-UDP_FLOOD
34.02000382455151,6,63.83223715508713,758.5169343945583,0.0786879364812916,0.3603190472193749,0.1129431742567915,0.1508155553690416,0.7528015879677085,0.0,0.0,75.28015879677085,36.03190472193749,7.868793648129166,11.294317425679155,0.9039361905561252,0.0473758729625833,0.01,0.0,0.0,0.0,0.0,0.9526241270374166,0.0386879364812916,0.0,0.0086879364812916,0.0,0.0,0.9913120635187084,0.9913120635187084,10016.290729961558,60.787238111225,451.97866644284994,100.16290729961558,79.01260702487438,100.16290729961558,0.0013286777725237,100.0,6242.998803412283,DDOS-HTTP_FLOOD
25.105469082020747,6,113.70079854071858,48.13671268128011,0.0,0.0201397203651851,0.0,0.3,0.7798602796348149,0.0201397203651851,0.0,7.798602796348149,0.2013972036518511,0.0,0.0,0.0,0.7798602796348149,0.0,0.0,0.0,0.0,0.0,0.7798602796348149,0.2,0.0201397203651851,0.0,0.0,0.0201397203651851,1.0,1.0,1923.0838322191112,64.7916167780889,725.9289424915409,192.3083832219111,215.7114632659288,192.3083832219111,0.0265373575529812,10.0,46531.608628056114,XSS
33.60573363446464,6,65.03741409544558,1136.4467538556205,0.0139685227008977,0.0738111362053865,0.0361888637946134,0.2239685227008977,0.905874090803591,0.0,0.0,90.58740908035912,7.381113620538653,1.3968522700897754,3.6188863794613466,0.9720629545982044,0.0,0.0039685227008977,0.0,0.0,0.0,0.0,0.9780944318973068,0.0179370454017955,0.0,0.0039685227008977,0.0,0.0,0.9960314772991022,0.9960314772991022,109735.35302235276,60.0,2962.0,1097.3535302235275,912.8410173766162,1097.3535302235275,0.0010181675302578,100.0,833278.7825223737,DOS-HTTP_FLOOD
20.91157915805067,6,88.49341934083832,40.81936105908608,0.0,0.0,0.0,0.6379824649187779,0.937982464918778,0.0,0.0,9.379824649187778,0.0,0.0,0.0,0.8,0.1379824649187779,0.0,0.0,0.0,0.0,0.0,0.937982464918778,0.062017535081222,0.0,0.0,0.0,0.0,1.0,1.0,1723.3499949962966,60.0,492.0,172.33499949962967,173.80295756683415,172.33499949962967,0.0315240419823831,10.0,30207.489103941592,XSS
20.0,6,64.0,108914.67151389248,1.0,0.0,1.0,0.0,0.0,0.0,0.0,0.0,0.0,100.0,100.0,0.0,0.0,0.0,0.0,0.0,0.0,0.0,1.0,0.0,0.0,0.0,0.0,0.0,1.0,1.0,6000.0,60.0,60.0,60.0,0.0,60.0,9.191036224365234e-06,100.0,0.0,DDOS-RSTFINFLOOD
31.51656329200017,6,66.90924384404381,1786.6361929116542,0.0,0.1822578591868045,0.0995698810659335,0.3831180970549374,0.6798927354835276,0.0,0.0,67.98927354835276,18.22578591868045,0.0,9.95698810659336,0.8847313082747306,0.0382795242637343,0.0191397621318671,0.0,0.0,0.0,0.0,0.9612903568021992,0.0387096431978007,0.0,0.0,0.0,0.0,1.0,1.0,77390.55894244065,60.0,2962.0,773.9055894244066,793.5781019772477,773.9055894244066,0.0005698655993452,100.0,629766.2063035516,DOS-HTTP_FLOOD
24.557083401724203,6,91.46188043836204,36.27897426253786,0.1199232474137948,0.0800767525862052,0.0,0.2199232474137948,0.7398464948275896,0.0,0.0,7.398464948275896,0.8007675258620519,1.199232474137948,0.0,0.0800767525862052,0.499808118534487,0.0800767525862052,0.0,0.0,0.0,0.0,0.7798848711206923,0.0800767525862052,0.0,0.1400383762931026,0.0,0.0,0.8599616237068974,0.8599616237068974,727.3984649482759,60.0,119.7969298965518,72.73984649482759,17.80057234559507,72.73984649482759,0.0288127090681204,10.0,317.09112360670525,SQLINJECTION
29.398901269113704,6,76.89876780008964,472.6005939289446,0.0,0.0,0.0,0.0,0.9,0.0,0.0,9.0,0.0,0.0,0.0,0.8748626586392128,0.0251373413607872,0.0,0.0,0.0,0.0,0.0,0.9,0.0748626586392127,0.0,0.0,0.0251373413607872,0.0,1.0,1.0,2270.491759518353,66.0,1514.0,227.04917595183525,455.06352405788937,227.04917595183525,0.0022088358256214,10.0,207082.81092798928,COMMANDINJECTION
24.8,6,83.7,52.91035032590363,0.1,0.1,0.0,0.2,0.7,0.0,0.0,7.0,1.0,1.0,0.0,0.6,0.1,0.1,0.0,0.0,0.0,0.0,0.7,0.2,0.0,0.0,0.1,0.0,1.0,1.0,1419.0,66.0,441.0,141.9,126.46690388310208,141.9,0.0196515083312988,10.0,15993.877777777778,RECON-PORTSCAN
33.6,6,114.9,103.09062665906364,0.0,0.2,0.0,0.4,0.9,0.0,0.0,9.0,2.0,0.0,0.0,0.0,1.0,0.0,0.0,0.0,0.0,0.0,1.0,0.0,0.0,0.0,0.0,0.0,1.0,1.0,1281.0,66.0,402.0,128.1,109.47495908501938,128.1,0.0108299970626831,10.0,11984.766666666666,COMMANDINJECTION
13.084400742541112,12,120.7752059403289,124.62007919666962,0.0,0.0,0.0,0.0392583488029398,0.2785166976058797,0.0,0.0,2.7851669760587967,0.0,0.0,0.0,0.0607416511970601,0.2177750464088195,0.1214833023941203,0.0,0.0,0.0,0.0,0.2785166976058797,0.5214833023941203,0.0,0.1392583488029398,0.0607416511970601,0.0,0.8607416511970603,0.8607416511970603,1368.074165119706,60.0,230.0,136.8074165119706,79.43309989776277,136.8074165119706,0.0195453738122982,10.0,6309.644936090857,UPLOADING_ATTACK
31.28,6,66.36,509.1701031741311,0.04,0.03,0.0,0.13,0.94,0.0,0.0,94.0,3.0,4.0,0.0,0.0,0.03,0.03,0.0,0.0,0.0,0.0,0.96,0.04,0.0,0.0,0.0,0.0,1.0,1.0,36690.0,66.0,2962.0,366.9,623.867855406978,366.9,0.0019674515724182,100.0,389211.1010101021,DOS-HTTP_FLOOD
14.575567952559132,17,90.23450563981676,67.54756210089556,0.0219459940698913,0.0780540059301086,0.0,0.1219459940698913,0.2219459940698913,0.0,0.0,2.219459940698913,0.7805400593010867,0.2194599406989132,0.0,0.0,0.3,0.4,0.0,0.0,0.0,0.0,0.3,0.5438919881397827,0.0,0.1561080118602173,0.0,0.0,0.8438919881397827,0.8438919881397827,1173.780540059301,61.31675964419348,217.5113590511826,117.37805400593012,55.68113351176165,117.37805400593012,0.0259217780486529,10.0,3100.4246121308543,BROWSERHIJACKING
20.0,6,64.0,358487.5213675214,0.0,0.0,1.0,0.0,1.0,0.0,0.0,10.0,0.0,0.0,10.0,0.0,0.0,0.0,0.0,0.0,0.0,0.0,1.0,0.0,0.0,0.0,0.0,0.0,1.0,1.0,600.0,60.0,60.0,60.0,0.0,60.0,2.9087066650390623e-06,10.0,0.0,RECON-OSSCAN
32.0,6,131.2,3932.40577536096,0.0,0.0,0.0,0.0,1.0,0.0,0.0,10.0,0.0,0.0,0.0,0.0,1.0,0.0,0.0,0.0,0.0,0.0,1.0,0.0,0.0,0.0,0.0,0.0,1.0,1.0,10796.0,66.0,2962.0,1079.6,977.3255115648806,1079.6,0.0002715826034545,10.0,955165.1555555556,BENIGN
32.0,6,51.4,9992.147029351176,0.0,0.0,0.0,0.0,1.0,0.0,0.0,10.0,0.0,0.0,0.0,1.0,0.0,0.0,0.0,0.0,0.0,0.0,1.0,0.0,0.0,0.0,0.0,0.0,1.0,1.0,13692.0,66.0,1514.0,1369.2,457.8978051923813,1369.2,0.0001020728996031,10.0,209670.4,COMMANDINJECTION
20.0,6,64.0,33637.853877616486,0.0,0.0,0.0,0.0,0.0,0.0,0.0,0.0,0.0,0.0,0.0,0.0,0.0,0.0,0.0,0.0,0.0,0.0,1.0,0.0,0.0,0.0,0.0,0.0,1.0,1.0,6000.0,60.0,60.0,60.0,0.0,60.0,2.9728412628173828e-05,100.0,0.0,DDOS-TCP_FLOOD
11.572426735710748,2,100.70415506671796,44.87260470648004,0.0,0.0,0.0,0.1056657179845043,0.3056657179845043,0.0,0.0,3.056657179845044,0.0,0.0,0.0,0.0,0.2352219059948347,0.3295561880103305,0.0,0.0,0.0,0.0,0.3056657179845043,0.3295561880103305,0.0,0.0,0.3647780940051652,0.0,1.0,1.0,1379.0,63.88668564030991,224.0,137.9,64.92047093914908,137.9,0.0359969179121432,10.0,4214.668670787137,UPLOADING_ATTACK
28.0,6,80.7,94.26567328546224,0.1,0.1,0.0,0.3,0.7,0.0,0.0,7.0,1.0,1.0,0.0,0.1,0.7,0.0,0.0,0.0,0.0,0.0,0.8,0.2,0.0,0.0,0.0,0.0,1.0,1.0,1143.0,66.0,188.0,114.3,54.91822203159086,114.3,0.0107616186141967,10.0,3016.0111111111114,BENIGN
32.0,6,185.8,4319.57157569516,0.0,0.0,0.0,0.1,1.0,0.0,0.0,10.0,0.0,0.0,0.0,0.0,1.0,0.0,0.0,0.0,0.0,0.0,1.0,0.0,0.0,0.0,0.0,0.0,1.0,1.0,3902.0,66.0,1514.0,390.2,602.0398288780864,390.2,0.0002316951751708,10.0,362451.9555555555,RECON-PORTSCAN
15.285752112783127,12,111.55866788759698,47.37563700238508,0.0,0.0,0.0,0.3328628169174694,0.4328628169174694,0.0,0.0,4.328628169174694,0.0,0.0,0.0,0.0,0.2,0.0557123943608435,0.0,0.0,0.0,0.0,0.4328628169174694,0.3785619718042176,0.0,0.1328628169174694,0.0557123943608435,0.0,0.8671371830825305,0.8671371830825305,1743.2271718270242,60.0,749.0,174.3227171827024,209.8228997868308,174.3227171827024,0.0228230291669238,10.0,44025.649934023066,BROWSERHIJACKING
0.0,1,65.27,9822.035922534717,0.0,0.0,0.0,0.0,0.0,0.0,0.0,0.0,0.0,0.0,0.0,0.0,0.0,0.0,0.0,0.0,0.0,0.0,0.0,0.0,0.0,0.01,0.99,0.0,0.99,0.99,6000.0,60.0,60.0,60.0,0.0,60.0,0.0001018214225769,100.0,0.0,DDOS-ICMP_FLOOD
20.0,6,64.0,31170.5112960761,1.0,0.0,1.0,0.0,0.0,0.0,0.0,0.0,0.0,100.0,100.0,0.0,0.0,0.0,0.0,0.0,0.0,0.0,1.0,0.0,0.0,0.0,0.0,0.0,1.0,1.0,6000.0,60.0,60.0,60.0,0.0,60.0,3.208160400390625e-05,100.0,0.0,DDOS-RSTFINFLOOD
8.0,17,64.0,25601.56259537325,0.0,0.0,0.0,0.0,0.0,0.0,0.0,0.0,0.0,0.0,0.0,0.0,0.0,0.0,0.0,0.0,0.0,0.0,0.0,1.0,0.0,0.0,0.0,0.0,1.0,1.0,6000.0,60.0,60.0,60.0,0.0,60.0,3.906011581420899e-05,100.0,0.0,DDOS-UDP_FLOOD
20.24,6,64.0,15720.779610194902,0.0,1.0,0.0,0.0,0.06,0.0,0.0,6.0,100.0,0.0,0.0,0.0,0.0,0.0,0.0,0.0,0.0,0.0,1.0,0.0,0.0,0.0,0.0,0.0,1.0,1.0,6000.0,60.0,60.0,60.0,0.0,60.0,6.361961364746093e-05,100.0,0.0,DOS-SYN_FLOOD
32.44,6,64.0,6007.0521174971,0.01,0.61,0.36,0.0,0.39,0.0,0.0,39.0,61.0,1.0,36.0,0.0,0.03,0.0,0.0,0.0,0.0,0.0,1.0,0.0,0.0,0.0,0.0,0.0,1.0,1.0,6866.0,60.0,74.0,68.66,6.763269784787396,68.66,0.000166471004486,100.0,45.74181818181816,DOS-HTTP_FLOOD
32.0,6,93.1,167.04784056331746,0.0,0.0,0.0,0.3,1.0,0.0,0.0,10.0,0.0,0.0,0.0,0.0,1.0,0.0,0.0,0.0,0.0,0.0,1.0,0.0,0.0,0.0,0.0,0.0,1.0,1.0,6442.0,66.0,2866.0,644.2,1076.2087571140137,644.2,0.0061073064804077,10.0,1158225.2888888894,RECON-OSSCAN
12.97199558043437,17,80.6783627080831,146.68269310706737,0.0946251381114259,0.005374861888574,0.0,0.1892502762228518,0.2946251381114259,0.0,0.0,2.9462513811142594,0.0537486188857406,0.9462513811142592,0.0,0.0,0.2946251381114259,0.0107497237771481,0.0,0.0,0.0,0.0,0.3,0.4161245856657222,0.0,0.0,0.2838754143342777,0.0,1.0,1.0,1127.8175303845137,60.0,393.9038038634561,112.78175303845136,101.64493859934922,112.78175303845136,0.006818877689922,10.0,10331.71484786886,RECON-PINGSWEEP
10.8,17,70.4,272.7984858635066,0.0,0.0,0.0,0.0,0.2,0.0,0.0,2.0,0.0,0.0,0.0,0.0,0.2,0.1,0.0,0.0,0.0,0.0,0.2,0.7,0.0,0.0,0.1,0.0,1.0,1.0,2052.0,60.0,1294.0,205.2,383.837002443022,205.2,0.0063561201095581,10.0,147330.84444444443,RECON-PORTSCAN
31.04340181848758,6,66.22796115079481,1901.014249446284,0.0066905740264108,0.2007172207923248,0.3323053168643344,0.2099282779207675,0.6275512389772007,0.0,0.0,62.75512389772007,20.071722079232487,0.6690574026410828,33.23053168643344,0.9799282779207676,0.0200717220792324,0.0,0.0,0.0,0.0,0.0,1.0,0.0,0.0,0.0,0.0,0.0,1.0,1.0,65224.625003122215,60.0,2962.0,652.2462500312221,829.871943533544,652.2462500312221,0.0005353620801439,100.0,688687.4520578183,DOS-HTTP_FLOOD
26.2805584080774,6,103.22661874429971,103.1668449254011,0.0,0.0740279204038699,0.0,0.5,0.737013960201935,0.0,0.0,7.37013960201935,0.740279204038699,0.0,0.0,0.0,0.5889581193941951,0.0,0.0,0.0,0.0,0.0,0.7740279204038698,0.2259720795961301,0.0,0.0,0.0,0.0,1.0,1.0,2561.6206322305434,66.0,733.9160028868321,256.1620632230544,247.1814551147572,256.1620632230544,0.0182033315143831,10.0,61098.95115748553,BROWSERHIJACKING
20.32,6,64.0,23266.788705830146,0.0,0.18,0.82,0.0,0.08,0.0,0.0,8.0,18.0,0.0,82.0,0.0,0.0,0.0,0.0,0.0,0.0,0.0,1.0,0.0,0.0,0.0,0.0,0.0,1.0,1.0,6000.0,60.0,60.0,60.0,0.0,60.0,4.307985305786133e-05,100.0,0.0,DOS-SYN_FLOOD
32.0,6,68.41290402923185,12012.824212170395,0.0,0.0,0.0,0.9737327141117152,1.0,0.0,0.0,100.0,0.0,0.0,0.0,0.5814514957370226,0.4185485042629774,0.0,0.0,0.0,0.0,0.0,1.0,0.0,0.0,0.0,0.0,0.0,1.0,1.0,7710.746542822343,66.0,130.48733232990617,77.10746542822343,5.6395269087906295,77.10746542822343,8.328687486516634e-05,100.0,36.76621148016848,DDOS-SLOWLORIS
14.731662684301996,17,171.05066029488322,28.518056312336807,0.0,0.0,0.0,0.1,0.2882915671075499,0.0,0.0,2.8829156710755,0.0,0.0,0.0,0.0,0.0234168657849001,0.1765831342150998,0.0,0.0,0.0,0.0,0.2882915671075499,0.6882915671075499,0.0,0.0234168657849001,0.0,0.0,0.9765831342151,0.9765831342151,1608.771758261054,65.297494026453,230.0,160.87717582610543,77.4277983754973,160.87717582610543,0.0369478276192405,10.0,5995.079865570977,SQLINJECTION
30.86859676882817,6,119.32151963797624,305.7206564227289,0.0,0.00678591225647,0.0,0.0532140877435299,0.9539295612823504,0.0,0.0,95.39295612823504,0.6785912256470071,0.0,0.0,0.0260704387176496,0.9278591225647008,0.0128563509741197,0.0,0.0,0.0,0.0,0.9607154735388204,0.0292845264611795,0.0,0.01,0.0,0.0,0.99,0.99,95433.48667620675,60.0,3944.600094736866,954.3348667620676,837.6403380647656,954.3348667620676,0.0034622696005735,100.0,701641.3663709557,DDOS-SLOWLORIS
26.75287416298024,6,64.0,270600.2580645161,0.0,0.0,0.0,0.0,0.7813697567908435,0.0,0.0,7.813697567908434,0.0,0.0,0.0,0.0,0.4534243919771087,0.0,0.0,0.0,0.0,0.0,0.7813697567908435,0.2186302432091565,0.0,0.0,0.0,0.0,1.0,1.0,686.7822047931217,66.0,74.19863412034337,68.67822047931217,3.508790257837,68.67822047931217,3.790855407714844e-06,10.0,22.524988112854484,BROWSERHIJACKING
33.2,6,118.9,360.5305276911043,0.1,0.0,0.0,0.1,1.0,0.0,0.0,10.0,0.0,1.0,0.0,0.0,1.0,0.0,0.0,0.0,0.0,0.0,1.0,0.0,0.0,0.0,0.0,0.0,1.0,1.0,1179.0,66.0,573.0,117.9,159.95030478245425,117.9,0.0057139873504638,10.0,25584.099999999995,SQLINJECTION
32.72,6,63.38,724.0609382417678,0.04,0.03,0.21,0.32,0.77,0.0,0.0,77.0,3.0,4.0,21.0,0.94,0.06,0.0,0.0,0.0,0.0,0.0,1.0,0.0,0.0,0.0,0.0,0.0,1.0,1.0,91717.0,60.0,2962.0,917.17,942.4192064612596,917.17,0.0013810992240905,100.0,888153.9607070705,DOS-HTTP_FLOOD
9.2,17,95.1,33.611652477177145,0.0,0.0,0.0,0.0,0.1,0.0,0.0,1.0,0.0,0.0,0.0,0.0,0.0,0.1,0.0,0.0,0.0,0.0,0.1,0.9,0.0,0.0,0.0,0.0,1.0,1.0,823.0,60.0,230.0,82.3,52.839484394826485,82.3,0.0301842927932739,10.0,2792.0111111111114,UPLOADING_ATTACK
16.0,0,32.0,95.5391855385022,0.0,0.0,0.0,0.2,0.5,0.0,0.0,5.0,0.0,0.0,0.0,0.2,0.3,0.0,0.0,0.0,0.0,0.0,0.5,0.0,0.0,0.5,0.0,0.0,0.5,0.5,892.0,60.0,317.0,89.2,80.22163742476909,89.2,0.0104670047760009,10.0,6435.511111111111,RECON-PINGSWEEP
31.8,6,105.94,448.9257174905651,0.04,0.02,0.0,0.16,0.99,0.0,0.0,99.0,2.0,4.0,0.0,0.0,0.96,0.0,0.0,0.0,0.0,0.0,1.0,0.0,0.0,0.0,0.0,0.0,1.0,1.0,78447.0,60.0,4410.0,784.47,960.5964945561352,784.47,0.00228364944458,100.0,922745.6253535352,DOS-HTTP_FLOOD
24.950862218646137,6,146.5375448472275,329.6918562668212,0.077485629689231,0.0,0.0,0.2774856296892311,0.7450287406215379,0.0,0.0,7.450287406215379,0.0,0.7748562968923105,0.0,0.0,0.5125718515538448,0.0,0.0,0.0,0.0,0.0,0.7450287406215379,0.2549712593784621,0.0,0.0,0.0,0.0,1.0,1.0,1371.423994078246,61.350862218646135,517.2251437031077,137.14239940782463,144.75812841948212,137.14239940782463,0.0033830726750556,10.0,20954.94748232964,RECON-OSSCAN
30.92,6,63.95,770.7071653666289,0.03,0.37,0.32,0.16,0.36,0.0,0.0,36.0,37.0,3.0,32.0,0.98,0.01,0.0,0.0,0.0,0.0,0.0,0.99,0.0,0.0,0.01,0.0,0.0,0.99,0.99,25495.0,60.0,2962.0,254.95,577.2558800134485,254.95,0.0012975096702575,100.0,333224.3510101009,DOS-HTTP_FLOOD
22.86782886629609,6,83.72028583254126,135.7141993723932,0.1584786082870115,0.1,0.0,0.1415213917129885,0.5,0.0,0.0,5.0,1.0,1.584786082870115,0.0,0.4584786082870115,0.1415213917129885,0.2169572165740229,0.0,0.0,0.0,0.0,0.6,0.3584786082870115,0.0,0.0415213917129885,0.0,0.0,0.9584786082870116,0.9584786082870116,1263.058636591208,63.50871649722069,441.0,126.3058636591208,121.63049338788105,126.3058636591208,0.0078880595228321,10.0,14793.977425281984,RECON-PORTSCAN
32.0,6,247.0,903.847430233811,0.0,0.0,0.0,0.9,1.0,0.0,0.0,10.0,0.0,0.0,0.0,0.0,1.0,0.0,0.0,0.0,0.0,0.0,1.0,0.0,0.0,0.0,0.0,0.0,1.0,1.0,14994.0,1494.0,1500.0,1499.4,1.8973665961010275,1499.4,0.001236081123352,10.0,3.6,MITM-ARPSPOOFING
29.6759263295705,6,81.68288197515183,97.25476121443464,0.0,0.0,0.0,0.4094907911963123,0.9031635970654376,0.0,0.0,9.031635970654374,0.0,0.0,0.0,0.0,0.8031635970654375,0.0,0.0,0.0,0.0,0.0,0.9031635970654376,0.0968364029345625,0.0,0.0,0.0,0.0,1.0,1.0,5438.269988736001,66.0,2965.986132302451,543.8269988736002,932.2206583721436,543.8269988736002,0.0102899626515633,10.0,869035.4053713137,BROWSERHIJACKING
0.0,1,64.0,50558.14850530376,0.0,0.0,0.0,0.0,0.0,0.0,0.0,0.0,0.0,0.0,0.0,0.0,0.0,0.0,0.0,0.0,0.0,0.0,0.0,0.0,0.0,0.0,1.0,0.0,1.0,1.0,6000.0,60.0,60.0,60.0,0.0,60.0,2.0008087158203125e-05,100.0,0.0,DDOS-ICMP_FLOOD
22.04,6,64.0,51019.38936868994,0.0,1.0,0.0,0.0,0.51,0.0,0.0,51.0,100.0,0.0,0.0,0.0,0.0,0.0,0.0,0.0,0.0,0.0,1.0,0.0,0.0,0.0,0.0,0.0,1.0,1.0,6000.0,60.0,60.0,60.0,0.0,60.0,1.987934112548828e-05,100.0,0.0,DOS-SYN_FLOOD
25.72566646689642,6,72.74137477525846,64.86658527123527,0.0842916916379475,0.1157083083620524,0.0,0.1157083083620524,0.6842916916379476,0.0,0.0,6.842916916379476,1.1570830836205244,0.8429169163794756,0.0,0.1,0.6,0.0471249250861572,0.0,0.0,0.0,0.0,0.7,0.3,0.0,0.0,0.0,0.0,1.0,1.0,1076.8429169163794,66.0,317.0,107.68429169163797,78.34734149215997,107.68429169163797,0.0173388906660129,10.0,6138.309951499527,SQLINJECTION
27.6,6,91.3,39.94552412081455,0.0,0.0,0.0,0.4,0.8,0.0,0.0,8.0,0.0,0.0,0.0,0.0,0.4,0.0,0.0,0.0,0.0,0.0,0.8,0.1,0.0,0.1,0.0,0.0,0.9,0.9,1055.0,60.0,230.0,105.5,54.559345874215005,105.5,0.0251317977905273,10.0,2976.722222222222,DNS_SPOOFING
27.2,6,131.5,33.032622272485995,0.2,0.0,0.0,0.1,0.8,0.0,0.0,8.0,0.0,2.0,0.0,0.0,0.8,0.0,0.0,0.0,0.0,0.0,0.8,0.2,0.0,0.0,0.0,0.0,1.0,1.0,984.0,66.0,218.0,98.4,62.43788024019464,98.4,0.0319609880447387,10.0,3898.488888888889,XSS
29.075896414494206,6,58.3593874502013,205.82065191352729,0.0,0.0,0.0,0.0593874502013084,0.8781623506039252,0.0,0.0,8.781623506039253,0.0,0.0,0.0,0.0,0.8781623506039252,0.0,0.0,0.0,0.0,0.0,0.8781623506039252,0.1218376493960748,0.0,0.0,0.0,0.0,1.0,1.0,7889.187749004026,66.0,1494.0,788.9187749004026,743.5411016300676,788.9187749004026,0.0095102483829613,10.0,552853.3788070002,SQLINJECTION
20.0,6,64.0,7586.694401736457,0.0,1.0,0.0,0.0,0.0,0.0,0.0,0.0,100.0,0.0,0.0,0.0,0.0,0.0,0.0,0.0,0.0,0.0,1.0,0.0,0.0,0.0,0.0,0.0,1.0,1.0,6000.0,60.0,60.0,60.0,0.0,60.0,0.0001318097114562,100.0,0.0,DDOS-SYN_FLOOD
20.12,6,64.0,26035.406579764123,0.0,0.0,0.0,0.01,0.01,0.0,0.0,1.0,0.0,0.0,0.0,0.0,0.01,0.0,0.0,0.0,0.0,0.0,1.0,0.0,0.0,0.0,0.0,0.0,1.0,1.0,6035.0,60.0,95.0,60.35,3.4999999999999933,60.35,4.323959350585938e-05,100.0,12.249999999999954,DOS-TCP_FLOOD
31.39889397299083,6,67.392132662025,948.910686677769,0.0245203175679733,0.1754796824320266,0.0980812702718935,0.3045203175679734,0.6935609527039202,0.0,0.0,69.35609527039202,17.54796824320266,2.452031756797339,9.808127027189355,0.93356095270392,0.0109593648640532,0.0045203175679733,0.0,0.0,0.0,0.0,0.9535609527039202,0.0409593648640532,0.0,0.0054796824320266,0.0,0.0,0.9945203175679734,0.9945203175679734,68240.31377838065,60.0,2962.0,682.4031377838065,759.3572773129825,682.4031377838065,0.0012335709147445,100.0,576624.8680839222,DDOS-HTTP_FLOOD
32.0,6,50.0,3907.181966952725,0.0,0.0,0.0,0.0,1.0,0.0,0.0,10.0,0.0,0.0,0.0,1.0,0.0,0.0,0.0,0.0,0.0,0.0,1.0,0.0,0.0,0.0,0.0,0.0,1.0,1.0,15140.0,1514.0,1514.0,1514.0,0.0,1514.0,0.0002847267414815,10.0,0.0,COMMANDINJECTION
20.0,6,64.0,17914.423610814505,1.0,0.0,1.0,0.0,0.0,0.0,0.0,0.0,0.0,100.0,100.0,0.0,0.0,0.0,0.0,0.0,0.0,0.0,1.0,0.0,0.0,0.0,0.0,0.0,1.0,1.0,6000.0,60.0,60.0,60.0,0.0,60.0,5.702018737792969e-05,100.0,0.0,DDOS-RSTFINFLOOD
31.00980115847799,6,82.42655654734644,263.7687371816533,0.0931236191560971,0.0,0.0,0.3137527616878056,0.9793708574682916,0.0,0.0,9.793708574682915,0.0,0.9312361915609716,0.0,0.0,0.2343819042195141,0.0,0.0,0.0,0.7449889532487775,0.0,0.9793708574682916,0.0206291425317085,0.0,0.0,0.0,0.0,1.0,1.0,881.6503314025367,65.58741714936583,150.41258285063418,88.16503314025367,36.50604950169914,88.16503314025367,0.0040355476226255,10.0,1332.702075396462,DICTIONARYBRUTEFORCE
20.0,6,64.0,21616.78091016853,0.0,1.0,0.0,0.0,0.0,0.0,0.0,0.0,100.0,0.0,0.0,0.0,0.0,0.0,0.0,0.0,0.0,0.0,1.0,0.0,0.0,0.0,0.0,0.0,1.0,1.0,6000.0,60.0,60.0,60.0,0.0,60.0,4.626035690307617e-05,100.0,0.0,DDOS-SYN_FLOOD
32.0,6,154.0,1388.704433334437,0.0,0.0,0.0,0.3,1.0,0.0,0.0,10.0,0.0,0.0,0.0,0.0,1.0,0.0,0.0,0.0,0.0,0.0,1.0,0.0,0.0,0.0,0.0,0.0,1.0,1.0,12084.0,66.0,2922.0,1208.4,1312.241441198989,1208.4,0.000757098197937,10.0,1721977.5999999996,BROWSERHIJACKING
22.8,6,91.1,86.64449411463347,0.0,0.0,0.0,0.4,0.8,0.0,0.0,8.0,0.0,0.0,0.0,0.0,0.4,0.0,0.0,0.0,0.0,0.0,0.8,0.1,0.0,0.1,0.0,0.0,0.9,0.9,9115.0,60.0,4434.0,911.5,1526.193249013156,911.5,0.0122390985488891,10.0,2329265.833333333,BROWSERHIJACKING
8.8,17,90.4,51.97608827115821,0.0,0.1,0.0,0.0,0.1,0.0,0.0,1.0,1.0,0.0,0.0,0.0,0.1,0.0,0.0,0.0,0.0,0.0,0.2,0.4,0.0,0.2,0.2,0.0,0.8,0.8,986.0,60.0,230.0,98.6,66.26579476287563,98.6,0.0214935064315795,10.0,4391.155555555556,RECON-HOSTDISCOVERY
19.8,6,63.36,25124.61962381694,0.0,0.99,0.0,0.0,0.0,0.0,0.0,0.0,99.0,0.0,0.0,0.0,0.0,0.0,0.0,0.0,0.0,0.0,0.99,0.0,0.0,0.01,0.0,0.0,0.99,0.99,6000.0,60.0,60.0,60.0,0.0,60.0,3.98111343383789e-05,100.0,0.0,DDOS-SYNONYMOUSIP_FLOOD
24.0,6,47.8,1918.711802378774,0.0,1.0,0.0,0.0,0.0,0.0,0.0,0.0,10.0,0.0,0.0,0.0,0.0,0.0,0.0,0.0,0.0,0.0,1.0,0.0,0.0,0.0,0.0,0.0,1.0,1.0,600.0,60.0,60.0,60.0,0.0,60.0,0.0005212783813476,10.0,0.0,RECON-PORTSCAN
10.626829269150242,15,112.97234146380912,45.89919224163892,0.0,0.1897317073084976,0.0,0.0308048780745072,0.1308048780745072,0.0,0.0,1.3080487807450727,1.897317073084976,0.0,0.0,0.0102682926915024,0.2205365853830048,0.1,0.0,0.0,0.0,0.0,0.2308048780745072,0.5897317073084976,0.0,0.1794634146169951,0.0,0.0,0.8205365853830049,0.8205365853830049,952.3348780498952,60.0,230.0,95.23348780498952,51.53454725167624,95.23348780498952,0.02360116361459,10.0,2655.809579945928,RECON-PORTSCAN
32.0,6,244.0,2650.084604186547,0.0,0.0,0.0,0.5,1.0,0.0,0.0,10.0,0.0,0.0,0.0,0.0,1.0,0.0,0.0,0.0,0.0,0.0,1.0,0.0,0.0,0.0,0.0,0.0,1.0,1.0,22080.0,1494.0,2922.0,2208.0,752.6220831200743,2208.0,0.0004239620584949,10.0,566440.0,BROWSERHIJACKING
29.6,6,64.48,8991.969128523957,0.01,0.48,0.5,0.0,0.51,0.0,0.0,51.0,48.0,1.0,50.0,0.01,0.0,0.01,0.0,0.0,0.0,0.0,0.99,0.01,0.0,0.0,0.0,0.0,1.0,1.0,6704.0,60.0,86.0,67.04,7.222188034107112,67.04,0.0001112103462219,100.0,52.159999999999954,DOS-HTTP_FLOOD
30.272867670708163,6,83.33106790097692,216.97719099748065,0.0,0.0,0.0,0.1920542294192602,0.9280361529461736,0.0,0.0,9.280361529461736,0.0,0.0,0.0,0.0640180764730867,0.8640180764730868,0.0,0.0,0.0,0.0,0.0,0.9280361529461736,0.0719638470538265,0.0,0.0,0.0,0.0,1.0,1.0,8606.124648888524,66.0,1506.8036152946174,860.6124648888524,694.3389913705525,860.6124648888524,0.0057071696953624,10.0,482106.6443543832,RECON-PORTSCAN
22.4,6,133.1,57.91901591759912,0.0,0.0,0.0,0.2,0.6,0.0,0.0,6.0,0.0,0.0,0.0,0.0,0.6,0.0,0.0,0.0,0.0,0.0,0.6,0.4,0.0,0.0,0.0,0.0,1.0,1.0,1826.0,66.0,345.0,182.6,121.29413286167912,182.6,0.0182991981506347,10.0,14712.266666666666,BENIGN
20.55152494948208,6,99.37471926007171,156.11947958128692,0.1,0.0337881237370519,0.0,0.1675762474741039,0.533788123737052,0.0,0.0,5.337881237370519,0.3378812373705195,1.0,0.0,0.1337881237370519,0.3675762474741039,0.266211876262948,0.0,0.0,0.0,0.0,0.567576247474104,0.366211876262948,0.0,0.066211876262948,0.0,0.0,0.933788123737052,0.933788123737052,938.648475050518,60.0,216.648475050518,93.86484750505178,47.302329737720896,93.86484750505178,0.0069097853511532,10.0,2237.510647460147,RECON-OSSCAN
0.32,47,64.0,10834.07552823268,0.01,0.0,0.0,0.01,0.01,0.0,0.0,1.0,0.0,1.0,0.0,0.0,0.01,0.0,0.0,0.0,0.0,0.0,0.01,0.0,0.0,0.0,0.0,0.0,1.0,1.0,59191.0,583.0,592.0,591.91,0.8999999999999975,591.91,9.443044662475586e-05,100.0,0.8099999999999954,MIRAI-GREETH_FLOOD
24.69822021823187,6,148.78842152877013,54.289505442050185,0.0,0.0,0.0,0.3581850181859892,0.7581850181859893,0.0,0.0,7.581850181859893,0.0,0.0,0.0,0.0,0.5836299636280216,0.0,0.0,0.0,0.0,0.0,0.7581850181859893,0.1418149818140107,0.0,0.1,0.0,0.0,0.9,0.9,982.7455505455796,60.0,214.0,98.27455505455796,47.81944249007935,98.27455505455796,0.0246402296535466,10.0,2286.725258180509,COMMANDINJECTION
23.618045655733383,6,87.72702280607935,27.97320191829226,0.0,0.069031963370834,0.0,0.2309680366291659,0.669031963370834,0.0,0.0,6.690319633708341,0.6903196337083406,0.0,0.0,0.4070958901125022,0.169031963370834,0.169031963370834,0.0,0.0,0.0,0.0,0.669031963370834,0.3,0.0,0.0,0.0309680366291659,0.0,1.0,1.0,1724.7166211707072,64.14191780225005,564.6386301101252,172.4716621170707,155.55558857853669,172.4716621170707,0.0408022436912432,10.0,24197.61858834758,UPLOADING_ATTACK
32.0,6,64.0,658.2811224810094,0.0,0.0,0.0,0.2,1.0,0.0,0.0,10.0,0.0,0.0,0.0,0.0,1.0,0.0,0.0,0.0,0.0,0.0,1.0,0.0,0.0,0.0,0.0,0.0,1.0,1.0,15731.0,172.0,2962.0,1573.1,674.7810262102316,1573.1,0.001596713066101,10.0,455329.43333333335,BENIGN
23.6,6,148.4,74.7882401609061,0.1,0.0,0.1,0.5,0.9,0.0,0.0,9.0,0.0,1.0,1.0,0.1,0.8,0.0,0.0,0.0,0.0,0.0,0.9,0.1,0.0,0.0,0.0,0.0,1.0,1.0,2900.0,60.0,1492.0,290.0,445.71665139787336,290.0,0.0135506868362426,10.0,198663.3333333333,VULNERABILITYSCAN
32.0,6,164.2,165.21854221157784,0.0,0.0,0.0,0.1,1.0,0.0,0.0,10.0,0.0,0.0,0.0,0.0,1.0,0.0,0.0,0.0,0.0,0.0,1.0,0.0,0.0,0.0,0.0,0.0,1.0,1.0,7533.0,66.0,2595.0,753.3,940.575479870347,753.3,0.0060710906982421,10.0,884682.2333333334,BENIGN
33.16,6,67.28,1034.009392680612,0.03,0.33,0.13,0.24,0.64,0.0,0.0,64.0,33.0,3.0,13.0,0.95,0.04,0.0,0.0,0.0,0.0,0.0,1.0,0.0,0.0,0.0,0.0,0.0,1.0,1.0,50005.0,60.0,2962.0,500.05,837.9157930619439,500.05,0.0009671187400817,100.0,702102.8762626263,DOS-HTTP_FLOOD
32.0,6,158.8,259.9361671800148,0.0,0.0,0.0,0.2,1.0,0.0,0.0,10.0,0.0,0.0,0.0,0.0,0.8,0.0,0.0,0.0,0.0,0.0,1.0,0.0,0.0,0.0,0.0,0.0,1.0,1.0,2225.0,66.0,1514.0,222.5,454.6806571650041,222.5,0.0038645982742309,10.0,206734.5,BENIGN
8.0,17,64.0,7829.57625536681,0.0,0.0,0.0,0.0,0.0,0.0,0.0,0.0,0.0,0.0,0.0,0.0,0.0,0.0,0.0,0.0,0.0,0.0,0.0,1.0,0.0,0.0,0.0,0.0,1.0,1.0,6000.0,60.0,60.0,60.0,0.0,60.0,0.0001277208328247,100.0,0.0,DDOS-UDP_FLOOD
15.48,17,81.28,325.5514530386869,0.0,0.03,0.0,0.14,0.33,0.01,0.01,33.0,3.0,0.0,0.0,0.03,0.22,0.06,0.0,0.0,0.0,0.0,0.35,0.52,0.0,0.1,0.03,0.0,0.9,0.9,27380.0,60.0,4410.0,273.8,681.9367991095643,273.8,0.0030928802490234,100.0,465037.7979797983,DDOS-ICMP_FRAGMENTATION
22.74405487379115,6,109.22414259701328,230.3688399437423,0.0430068592238937,0.0,0.0,0.3430068592238937,0.6860137184477875,0.0,0.0,6.860137184477874,0.0,0.430068592238937,0.0,0.0,0.4860137184477874,0.0,0.0,0.0,0.0569931407761063,0.0,0.6860137184477875,0.2279725631044252,0.0,0.0860137184477874,0.0,0.0,0.9139862815522126,0.9139862815522126,735.2692454853717,60.0,119.54897111641594,73.52692454853717,20.950357708159324,73.52692454853717,0.0062211494473198,10.0,440.096742101401,RECON-PINGSWEEP
34.08,6,64.0,2677.807855355228,0.11,0.07,0.21,0.13,0.91,0.0,0.0,91.0,7.0,11.0,21.0,1.0,0.0,0.0,0.0,0.0,0.0,0.0,1.0,0.0,0.0,0.0,0.0,0.0,1.0,1.0,10775.0,60.0,367.0,107.75,100.90693532141184,107.75,0.0003734493255615,100.0,10182.209595959595,DDOS-HTTP_FLOOD
11.2,17,165.9,118.27301207741048,0.0,0.0,0.0,0.0,0.2,0.0,0.0,2.0,0.0,0.0,0.0,0.0,0.2,0.1,0.0,0.0,0.0,0.0,0.2,0.6,0.0,0.0,0.2,0.0,1.0,1.0,1878.0,66.0,230.0,187.8,64.96118499192849,187.8,0.0093791007995605,10.0,4219.955555555556,BACKDOOR_MALWARE
24.4,6,119.6,49.443756793013776,0.0,0.1,0.0,0.4,0.6,0.0,0.0,6.0,1.0,0.0,0.0,0.3,0.3,0.1,0.0,0.0,0.0,0.0,0.7,0.3,0.0,0.0,0.0,0.0,1.0,1.0,1299.0,66.0,262.0,129.9,75.59019630731076,129.9,0.0204020023345947,10.0,5713.877777777779,BENIGN
28.8,6,51.2,70.05697353762073,0.0,0.0,0.0,0.5,0.9,0.0,0.0,9.0,0.0,0.0,0.0,0.0,0.2,0.0,0.0,0.0,0.1,0.0,0.9,0.0,0.0,0.1,0.0,0.0,0.9,0.9,4834.0,60.0,2962.0,483.4,902.0363629034032,483.4,0.0150182008743286,10.0,813669.5999999999,BENIGN
35.2,6,65.27,296.36299786823474,0.11,0.12,0.0,0.1,0.96,0.0,0.0,96.0,12.0,11.0,0.0,0.94,0.02,0.0,0.0,0.0,0.0,0.0,0.96,0.02,0.0,0.01,0.01,0.0,0.99,0.99,12110.0,60.0,565.0,121.1,146.55536410338163,121.1,0.0033742499351501,100.0,21478.47474747476,DDOS-HTTP_FLOOD
32.0,6,50.0,904.9617032084896,0.0,0.0,0.0,0.0,1.0,0.0,0.0,10.0,0.0,0.0,0.0,1.0,0.0,0.0,0.0,0.0,0.0,0.0,1.0,0.0,0.0,0.0,0.0,0.0,1.0,1.0,15140.0,1514.0,1514.0,1514.0,0.0,1514.0,0.0011095136685433,10.0,0.0,COMMANDINJECTION
21.09927989844468,6,95.62957672449676,124.42394849778977,0.0,0.1124699957685283,0.0083133305123522,0.0,0.5041566652561761,0.0,0.0,5.0415666525617615,1.1246999576852836,0.0,0.0831333051235223,0.0041566652561761,0.3041566652561761,0.0,0.0,0.0,0.0,0.0,0.5207833262808805,0.4792166737191194,0.0,0.0,0.0,0.0,1.0,1.0,638.0,60.0,74.0,63.8,4.661902329879223,63.8,0.0099215945554396,10.0,21.73333333333333,RECON-PORTSCAN
5.6,17,64.1,44.40042597607166,0.0,0.0,0.0,0.0,0.0,0.0,0.0,0.0,0.0,0.0,0.0,0.0,0.0,0.6,0.0,0.0,0.0,0.0,0.0,0.7,0.0,0.2,0.1,0.0,0.8,0.8,1455.0,60.0,357.0,145.5,115.4058057465048,145.5,0.0236162900924682,10.0,13318.5,MITM-ARPSPOOFING
32.56,6,67.03,860.2359427043168,0.0,0.25,0.0,0.27,0.82,0.0,0.0,82.0,25.0,0.0,0.0,0.81,0.07,0.0,0.0,0.0,0.0,0.0,0.94,0.06,0.0,0.0,0.0,0.0,1.0,1.0,11556.0,60.0,2245.0,115.56,227.9703294534424,115.56,0.0011624813079833,100.0,51970.471111111074,DDOS-SLOWLORIS
28.0,6,117.8,50.14968488336918,0.0,0.1,0.0,0.2,0.8,0.0,0.0,8.0,1.0,0.0,0.0,0.0,0.5,0.0,0.0,0.0,0.0,0.0,0.8,0.2,0.0,0.0,0.0,0.0,1.0,1.0,1029.0,66.0,206.0,102.9,53.75758344436418,102.9,0.0218045949935913,10.0,2889.8777777777777,BENIGN
21.2,6,47.7,257.327157274763,0.0,0.0,0.0,0.4,0.9,0.0,0.0,9.0,0.0,0.0,0.0,0.0,0.7,0.0,0.0,0.0,0.0,0.0,0.9,0.1,0.0,0.0,0.0,0.0,1.0,1.0,5743.0,60.0,1214.0,574.3,556.0477697304632,574.3,0.0039064168930053,10.0,309189.1222222222,BENIGN
20.0,6,64.0,45456.85488241032,0.0,0.0,0.0,0.0,0.0,0.0,0.0,0.0,0.0,0.0,0.0,0.0,0.0,0.0,0.0,0.0,0.0,0.0,1.0,0.0,0.0,0.0,0.0,0.0,1.0,1.0,6000.0,60.0,60.0,60.0,0.0,60.0,2.199888229370117e-05,100.0,0.0,DDOS-TCP_FLOOD
33.6,6,58.8,84.65252395186015,0.1,0.2,0.0,0.3,0.9,0.0,0.0,9.0,2.0,1.0,0.0,0.3,0.3,0.0,0.0,0.0,0.0,0.0,1.0,0.0,0.0,0.0,0.0,0.0,1.0,1.0,830.0,66.0,156.0,83.0,28.894443910359115,83.0,0.0125440120697021,10.0,834.8888888888889,RECON-OSSCAN
26.008265646891733,6,106.24301690581636,127.67207535550943,0.0622416985346333,0.0377583014653666,0.0,0.3377583014653667,0.8,0.0,0.0,8.0,0.3775830146536668,0.6224169853463332,0.0,0.0,0.6244833970692666,0.0377583014653666,0.0,0.0,0.0,0.0,0.8,0.2,0.0,0.0,0.0,0.0,1.0,1.0,2462.713195827256,62.265498087922,1377.070756692273,246.2713195827256,408.1135112860874,246.2713195827256,0.00907400924517,10.0,166569.4809621224,RECON-PINGSWEEP
30.77160410617332,6,77.12723027554233,130.4891568432961,0.1265076421698911,0.1623282385534059,0.1318511650630794,0.13,0.7318511650630793,0.0,0.0,73.18511650630793,16.232823855340587,12.650764216989115,13.18511650630794,0.8222711096551792,0.0479388626408706,0.0134923578301088,0.0,0.0,0.0,0.0,0.8795229265096736,0.0958205963835147,0.0,0.0234923578301088,0.0011641192767029,0.0,0.9765076421698912,0.9765076421698912,14053.713755905805,60.0,570.7041844558444,140.53713755905804,161.45984467935375,140.53713755905804,0.007860267529683,100.0,26069.29894481772,DDOS-HTTP_FLOOD
32.0,6,164.2,1066.330401179641,0.0,0.0,0.0,0.1,1.0,0.0,0.0,10.0,0.0,0.0,0.0,0.0,0.9,0.0,0.0,0.0,0.1,0.0,1.0,0.0,0.0,0.0,0.0,0.0,1.0,1.0,3646.0,66.0,1514.0,364.6,606.4366230512285,364.6,0.0017082929611206,10.0,367765.37777777785,BENIGN
29.077806967366595,6,64.0,165742.07173401193,0.0,0.0,0.0,0.0,0.908681467730206,0.0,0.0,9.08681467730206,0.0,0.0,0.0,0.0,0.908681467730206,0.0,0.0,0.0,0.0,0.0,0.908681467730206,0.0,0.0,0.0,0.0913185322697939,0.0,1.0,1.0,670.9582238723752,66.0,76.95822387237527,67.09582238723753,3.465294654673615,67.09582238723753,6.242349343856413e-06,10.0,13.149868646850324,BACKDOOR_MALWARE
12.808910000033766,1,47.340533124964125,71.50898793639419,0.0,0.0747215624989448,0.0,0.0505568750021103,0.3252784375010552,0.0,0.0,3.252784375010552,0.7472156249894483,0.0,0.0,0.2241646874968344,0.0,0.0,0.0,0.0,0.0,0.0,0.3252784375010552,0.2252784375010552,0.0,0.4494431249978896,0.0,0.0,0.5505568750021104,0.5505568750021104,926.9554499998312,60.0,217.74721562498945,92.69554499998311,63.195349814942894,92.69554499998311,0.0150082284092453,10.0,3993.659921389157,SQLINJECTION
34.08,6,63.96,820.6329019811938,0.0,0.26,0.0,0.3,0.88,0.0,0.0,88.0,26.0,0.0,0.0,0.93,0.02,0.0,0.0,0.0,0.0,0.0,1.0,0.0,0.0,0.0,0.0,0.0,1.0,1.0,10311.0,66.0,679.0,103.11,82.99128529154991,103.11,0.0012578296661376,100.0,6887.55343434343,DDOS-SLOWLORIS
31.32,6,70.24,823.4992450822359,0.0,0.17,0.14,0.16,0.69,0.0,0.0,69.0,17.0,0.0,14.0,0.82,0.16,0.0,0.0,0.0,0.0,0.0,0.99,0.01,0.0,0.0,0.0,0.0,1.0,1.0,79360.0,60.0,2962.0,793.6,898.4779048226754,793.6,0.0012143301963806,100.0,807262.5454545447,DOS-HTTP_FLOOD
24.33587808441159,6,87.07961756089031,30.553549235501315,0.0,0.0,0.0,0.4,0.7183969521102896,0.0,0.0,7.183969521102897,0.0,0.0,0.0,0.0,0.0919847605514483,0.0,0.0,0.0,0.5448091436691309,0.0,0.7183969521102896,0.2632060957794206,0.0,0.0183969521102896,0.0,0.0,0.9816030478897104,0.9816030478897104,1120.2076342532348,60.0,227.05648766235365,112.02076342532348,53.62781632469485,112.02076342532348,0.0347382137831705,10.0,2875.9438851803648,DICTIONARYBRUTEFORCE
20.0,6,64.0,147168.56140350876,0.0,0.0,1.0,0.0,1.0,0.0,0.0,10.0,0.0,0.0,10.0,0.0,0.0,0.0,0.0,0.0,0.0,0.0,1.0,0.0,0.0,0.0,0.0,0.0,1.0,1.0,600.0,60.0,60.0,60.0,0.0,60.0,6.890296936035156e-06,10.0,0.0,RECON-PORTSCAN
32.0,6,247.0,8031.514456168611,0.0,0.0,0.0,0.1,1.0,0.0,0.0,10.0,0.0,0.0,0.0,0.0,1.0,0.0,0.0,0.0,0.0,0.0,1.0,0.0,0.0,0.0,0.0,0.0,1.0,1.0,14940.0,1494.0,1494.0,1494.0,0.0,1494.0,0.0001246093560038,10.0,0.0,BACKDOOR_MALWARE
12.4,6,94.7,199.7078401310339,0.0,0.0,0.0,0.3,0.4,0.0,0.0,4.0,0.0,0.0,0.0,0.0,0.2,0.0,0.0,0.0,0.0,0.0,0.4,0.4,0.0,0.1,0.1,0.0,0.9,0.9,862.0,60.0,156.0,86.2,36.49901064108146,86.2,0.0068802118301391,10.0,1332.177777777778,DICTIONARYBRUTEFORCE
24.70972282162044,6,95.50068647244817,53.86638855550805,0.004513858918978,0.2909722821620438,0.0,0.2090277178379561,0.4135415767569342,0.0,0.0,4.1354157675693415,2.9097228216204387,0.0451385891897805,0.0,0.1,0.2954861410810219,0.3864584232430659,0.0,0.0,0.0,0.0,0.604513858918978,0.3864584232430659,0.0,0.004513858918978,0.004513858918978,0.0,0.995486141081022,0.995486141081022,958.6979319513212,65.72916846486132,170.27083153513868,95.86979319513212,35.695549096622656,95.86979319513212,0.0230558327542892,10.0,1274.1780399440995,UPLOADING_ATTACK
32.0,6,198.4,350.533116041954,0.0,0.0,0.0,0.0,1.0,0.0,0.0,10.0,0.0,0.0,0.0,0.0,1.0,0.0,0.0,0.0,0.0,0.0,1.0,0.0,0.0,0.0,0.0,0.0,1.0,1.0,3556.0,66.0,1514.0,355.6,610.5304069231752,355.6,0.0028952121734619,10.0,372747.37777777785,BENIGN
20.0,6,64.0,31064.31639757073,0.0,1.0,0.0,0.0,0.0,0.0,0.0,0.0,100.0,0.0,0.0,0.0,0.0,0.0,0.0,0.0,0.0,0.0,1.0,0.0,0.0,0.0,0.0,0.0,1.0,1.0,6000.0,60.0,60.0,60.0,0.0,60.0,3.219127655029297e-05,100.0,0.0,DDOS-SYNONYMOUSIP_FLOOD
20.60495056028118,6,77.13401685664076,110.82503343655782,0.0146393257343699,0.0073196628671849,0.0,0.1,0.592680337132815,0.0,0.0,5.92680337132815,0.0731966286718495,0.146393257343699,0.0,0.0365983143359247,0.5634016856640752,0.0219589886015548,0.0,0.0,0.0,0.0,0.6,0.3073196628671849,0.0,0.0,0.092680337132815,0.0,1.0,1.0,1273.3154157650015,60.439179772031096,433.5855730293748,127.33154157650016,118.46378438612484,127.33154157650016,0.0098487862365642,10.0,14033.66880350762,SQLINJECTION
32.0,6,64.0,10567.962129331032,0.0,0.0,0.0,0.0767982683040989,1.0,0.0,0.0,100.0,0.0,0.0,0.0,0.9339142864911838,0.009433477641325,0.0,0.0,0.0,0.0,0.0,1.0,0.0,0.0,0.0,0.0,0.0,1.0,1.0,6757.775959557507,66.0,151.5244733664682,67.57775959557507,9.014356049463236,67.57775959557507,9.494022848260334e-05,100.0,82.62885226129877,DDOS-SLOWLORIS
34.75846935071309,6,65.46823097238615,376.8729607411652,0.1137075815469164,0.255805054364611,0.1037075815469164,0.1079025271823055,0.8611227446407494,0.0,0.0,86.11227446407494,25.5805054364611,11.37075815469165,10.37075815469165,0.936440434916888,0.032584836906167,0.0020974728176945,0.0,0.0,0.0,0.0,0.973220217458444,0.022584836906167,0.0,0.0020974728176945,0.0020974728176945,0.0,0.9979025271823057,0.9979025271823057,13102.599638552549,60.0,1005.3140758016132,131.02599638552547,181.54591534345263,131.02599638552547,0.0028465014110246,100.0,32958.93902689248,DDOS-HTTP_FLOOD
22.4,6,75.6,97.8290704346244,0.0,0.0,0.0,0.2,0.6,0.0,0.0,6.0,0.0,0.0,0.0,0.0,0.4,0.0,0.0,0.0,0.0,0.0,0.6,0.4,0.0,0.0,0.0,0.0,1.0,1.0,4551.0,66.0,1514.0,455.1,570.951535207285,455.1,0.0102647066116333,10.0,325985.6555555556,BENIGN
30.92,6,66.12,815.6744384136534,0.03,0.05,0.04,0.14,0.81,0.0,0.0,81.0,5.0,3.0,4.0,0.8,0.06,0.02,0.0,0.0,0.0,0.0,0.89,0.11,0.0,0.0,0.0,0.0,1.0,1.0,71490.0,60.0,2962.0,714.9,871.9393165336519,714.9,0.0012304306030273,100.0,760278.171717172,DOS-HTTP_FLOOD
26.202181270295974,6,59.95652992496846,282.131542244468,0.026525877286754,0.1449454682426007,0.1503133046249394,0.2907356727646774,0.7443188589927219,0.0176839181911693,0.0088419590955846,74.43188589927219,14.494546824260071,2.6525877286754014,15.031330462493942,0.5435831862280446,0.0781062863309073,0.0,0.0,0.0,0.0,0.0,0.9223160818088308,0.0157902045220766,0.0,0.0618937136690927,0.0,0.0,0.9381062863309072,0.9381062863309072,14592.1921485508,60.0,3607.463013977681,145.92192148550802,379.3805724177318,145.92192148550802,0.003758655463482,100.0,143929.61893628904,DDOS-SLOWLORIS
9.6,17,93.9,74.40759420464686,0.0,0.0,0.0,0.0,0.1,0.0,0.0,1.0,0.0,0.0,0.0,0.0,0.0,0.1,0.0,0.0,0.0,0.0,0.1,0.8,0.0,0.0,0.1,0.0,1.0,1.0,1373.0,60.0,345.0,137.3,117.02995817785764,137.3,0.0145999908447265,10.0,13696.011111111113,BENIGN
20.0,6,64.0,199.760152785914,0.0,0.0,0.0,0.1,0.5,0.0,0.0,5.0,0.0,0.0,0.0,0.0,0.5,0.2,0.0,0.0,0.0,0.0,0.5,0.5,0.0,0.0,0.0,0.0,1.0,1.0,755.0,60.0,156.0,75.5,29.002873420864123,75.5,0.0053507089614868,10.0,841.1666666666666,BENIGN
29.6,6,116.1,420.06049073610416,0.0,0.0,0.0,0.1,0.9,0.0,0.0,9.0,0.0,0.0,0.0,0.0,0.9,0.0,0.0,0.0,0.0,0.0,0.9,0.1,0.0,0.0,0.0,0.0,1.0,1.0,13590.0,66.0,2962.0,1359.0,1251.331468654267,1359.0,0.0025310039520263,10.0,1565830.4444444445,BENIGN
24.0,6,55.2,94.6278556634976,0.0,0.0,0.0,0.4,0.7,0.0,0.0,7.0,0.0,0.0,0.0,0.0,0.4,0.0,0.0,0.0,0.3,0.0,0.7,0.2,0.0,0.1,0.0,0.0,0.9,0.9,1100.0,60.0,284.0,110.0,69.9587179858395,110.0,0.0135725021362304,10.0,4894.222222222223,DICTIONARYBRUTEFORCE
0.0,47,64.0,3465.47909213342,0.0,0.0,0.0,0.0,0.0,0.0,0.0,0.0,0.0,0.0,0.0,0.0,0.0,0.0,0.0,0.0,0.0,0.0,0.0,0.0,0.0,0.0,0.0,0.0,1.0,1.0,57800.0,578.0,578.0,578.0,0.0,578.0,0.0002891302108764,100.0,0.0,MIRAI-GREIP_FLOOD
20.0,6,64.0,36443.68754887479,1.0,0.0,1.0,0.0,0.0,0.0,0.0,0.0,0.0,100.0,100.0,0.0,0.0,0.0,0.0,0.0,0.0,0.0,1.0,0.0,0.0,0.0,0.0,0.0,1.0,1.0,6000.0,60.0,60.0,60.0,0.0,60.0,2.743959426879883e-05,100.0,0.0,DDOS-RSTFINFLOOD
18.18974427937741,8,70.74102288249034,29.948610691191043,0.0,0.0,0.0,0.232115410476653,0.5094872139688706,0.0,0.0,5.094872139688707,0.0,0.0,0.0,0.0,0.2773718034922177,0.0226281965077823,0.0,0.0,0.0,0.0,0.5094872139688706,0.2357691790466938,0.0,0.2547436069844353,0.0,0.0,0.7452563930155646,0.7452563930155646,1111.9269246285992,60.0,230.0,111.19269246285992,65.48204467218963,111.19269246285992,0.0412201349127876,10.0,4287.914213102867,UPLOADING_ATTACK
28.8,6,108.0,247.38442664527625,0.0,0.0,0.0,0.0,0.9,0.0,0.0,9.0,0.0,0.0,0.0,0.0,0.9,0.0,0.0,0.0,0.0,0.0,0.9,0.0,0.0,0.1,0.0,0.0,0.9,0.9,9342.0,60.0,1514.0,934.2,748.5205853326057,934.2,0.0041250944137573,10.0,560283.0666666667,BENIGN
17.6,17,81.7,133.13264370078116,0.1,0.0,0.0,0.1,0.4,0.0,0.0,4.0,0.0,1.0,0.0,0.3,0.1,0.1,0.0,0.0,0.0,0.0,0.4,0.6,0.0,0.0,0.0,0.0,1.0,1.0,846.0,60.0,263.0,84.6,62.88472699224262,84.6,0.0114511966705322,10.0,3954.4888888888872,SQLINJECTION
20.0,6,64.0,24201.165541515205,0.0,1.0,0.0,0.0,0.0,0.0,0.0,0.0,100.0,0.0,0.0,0.0,0.0,0.0,0.0,0.0,0.0,0.0,1.0,0.0,0.0,0.0,0.0,0.0,1.0,1.0,6000.0,60.0,60.0,60.0,0.0,60.0,4.13203239440918e-05,100.0,0.0,DDOS-SYN_FLOOD
31.244967619213927,6,72.35241741447301,65.20684989966448,0.0126797278852169,0.1,0.0936601360573915,0.2,0.974640544229566,0.0,0.0,9.74640544229566,1.0,0.1267972788521694,0.9366013605739152,0.0,0.7873202721147831,0.0,0.0,0.0,0.0,0.0,0.9809804081721746,0.0126797278852169,0.0,0.0063398639426084,0.0,0.0,0.9936601360573916,0.9936601360573916,1294.0,60.0,667.0,129.4,189.17366858006133,129.4,0.0157234851953269,10.0,35786.67712290178,DICTIONARYBRUTEFORCE
33.629616780940154,6,92.05067208218556,5339.5384988783535,0.0003933048225234,0.3228208164738265,0.0426232503858184,0.3007225816358703,0.6144242224150162,0.0,0.0,29.21924494982284,15.019665241126177,0.0393304822523497,1.9606695177476503,0.8070154587962464,0.1712796111883208,0.0001966524112617,0.0,0.0,0.0,0.0,0.978491722395829,0.0215082776041709,0.0,0.0,0.0,0.0,1.0,1.0,36802.24093793902,60.0,2990.475269150701,791.0666941087159,795.1789110929496,791.0666941087159,0.0001878849343401,47.06192302081344,632309.505753394,DOS-HTTP_FLOOD
34.72099448796104,6,65.76399013077192,518.6727881964922,0.0969422016915585,0.0568800461939933,0.1222933487313311,0.05,0.8631199538060067,0.0,0.0,86.31199538060066,5.688004619399331,9.694220169155852,12.22933487313311,0.986177752114448,0.0,0.0,0.0,0.0,0.0,0.0,0.9954133025373378,0.0045866974626622,0.0,0.0,0.0,0.0,1.0,1.0,9395.165321014934,60.0,553.4586697462662,93.95165321014936,106.0930470795634,93.95165321014936,0.0019330325837191,100.0,11255.744656574414,DDOS-HTTP_FLOOD
23.2,6,61.2,58.72508320183919,0.1,0.1,0.0,0.2,0.6,0.0,0.0,6.0,1.0,1.0,0.0,0.2,0.3,0.0,0.0,0.0,0.0,0.0,0.6,0.4,0.0,0.0,0.0,0.0,1.0,1.0,1284.0,60.0,339.0,128.4,110.98768700476045,128.4,0.0174949169158935,10.0,12318.266666666666,SQLINJECTION
31.100088932105944,6,124.6863579847668,491.1016384250281,0.0107132269987387,0.0107132269987387,0.0,0.2892867730012612,1.0,0.0,0.0,10.0,0.1071322699873876,0.1071322699873876,0.0,0.0857058159899101,0.91429418401009,0.0,0.0,0.0,0.0,0.0,1.0,0.0,0.0,0.0,0.0,0.0,1.0,1.0,3887.891978408953,65.35720638007568,1514.0,388.78919784089527,596.4990999782666,388.78919784089527,0.0021603439457358,10.0,355811.1831466182,COMMANDINJECTION
32.0,6,232.0,2783.214333112144,0.0,0.0,0.0,0.0,1.0,0.0,0.0,10.0,0.0,0.0,0.0,0.0,1.0,0.0,0.0,0.0,0.0,0.0,1.0,0.0,0.0,0.0,0.0,0.0,1.0,1.0,660.0,66.0,66.0,66.0,0.0,66.0,0.000435996055603,10.0,0.0,BENIGN
18.424159410305126,6,108.7920298444668,42.02670566644416,0.0,0.0437733497137464,0.0,0.2437733497137464,0.5,0.0,0.0,5.0,0.4377334971374643,0.0,0.0,0.0,0.2875466994274929,0.1124533005725071,0.0,0.0,0.0,0.0,0.5437733497137465,0.4124533005725071,0.0,0.0437733497137464,0.0,0.0,0.9562266502862536,0.9562266502862536,1220.1282689599243,60.0,230.0,122.01282689599245,69.63345931654088,122.01282689599245,0.0280058251825671,10.0,4848.854296507207,COMMANDINJECTION
28.8,6,87.1,28.20674841592321,0.0,0.0,0.0,0.3,0.9,0.0,0.0,9.0,0.0,0.0,0.0,0.0,0.9,0.0,0.0,0.0,0.0,0.0,0.9,0.0,0.0,0.1,0.0,0.0,0.9,0.9,10107.0,60.0,5066.0,1010.7,1990.691116728616,1010.7,0.0355110883712768,10.0,3962851.1222222233,BROWSERHIJACKING
24.686659782749487,6,92.13790067011792,227.0034058915823,0.0,0.0,0.0,0.2714064113418089,0.828593588658191,0.0,0.0,8.28593588658191,0.0,0.0,0.0,0.1714064113418089,0.5000517068691125,0.0,0.0,0.0,0.0,0.0,0.828593588658191,0.1142709408945392,0.0,0.0,0.0571354704472696,0.0,1.0,1.0,9109.162358019208,62.57187177316382,4397.9937951757065,910.9162358019208,1528.4501066638063,910.9162358019208,0.0276847390098493,10.0,2336175.959574127,XSS
7.799743547316429,0,64.65811755458735,28.56994045269761,0.0045396260753733,0.0,0.0,0.0090792521507467,0.2090792521507468,0.0,0.0,2.090792521507468,0.0,0.0453962607537339,0.0,0.0090792521507467,0.1045396260753734,0.1909207478492532,0.0,0.0,0.0,0.0,0.2090792521507468,0.2954603739246266,0.0,0.3954603739246266,0.1,0.0,0.6045396260753734,0.6045396260753734,690.4539626075374,60.0,95.1361887822612,69.04539626075373,13.80190498321034,69.04539626075373,0.0354212590074599,10.0,190.49459978674463,BACKDOOR_MALWARE
0.0,47,64.0,11690.136291423953,0.0,0.0,0.0,0.0,0.0,0.0,0.0,0.0,0.0,0.0,0.0,0.0,0.0,0.0,0.0,0.0,0.0,0.0,0.0,0.0,0.0,0.0,0.0,0.0,1.0,1.0,57800.0,578.0,578.0,578.0,0.0,578.0,8.62717628479004e-05,100.0,0.0,MIRAI-GREIP_FLOOD
13.316293184500996,17,108.28467552861034,29.5678762370412,0.0,0.0,0.0,0.0,0.3,0.0,0.0,3.0,0.0,0.0,0.0,0.0,0.2096910987084162,0.0,0.0,0.0,0.0,0.0,0.3,0.6,0.0,0.1,0.0,0.0,0.9,0.9,939.6783769095892,60.0,230.0,93.96783769095892,68.17833989276684,93.96783769095892,0.0373229738200761,10.0,4648.30816389236,XSS
20.0,6,120.8,61.68085046933754,0.0,0.1,0.0,0.2,0.5,0.0,0.0,5.0,1.0,0.0,0.0,0.1,0.1,0.1,0.0,0.0,0.0,0.0,0.6,0.3,0.0,0.1,0.0,0.0,0.9,0.9,1186.0,60.0,230.0,118.6,71.11836768530492,118.6,0.0192487955093383,10.0,5057.822222222222,BENIGN
37.92,6,63.84,3933.917969592662,0.0,0.89,0.1,0.0,0.11,0.0,0.0,11.0,89.0,0.0,10.0,0.0,0.01,0.0,0.0,0.0,0.0,0.0,1.0,0.0,0.0,0.0,0.0,0.0,1.0,1.0,7252.0,60.0,74.0,72.52,4.2698851497340256,72.52,0.0002541995048522,100.0,18.23191919191916,DOS-HTTP_FLOOD
20.73532956154392,6,82.38982107501772,37.98009071814186,0.0,0.0,0.0,0.1,0.6,0.0,0.0,6.0,0.0,0.0,0.0,0.0919161951929892,0.4621257072105161,0.0459580975964946,0.0,0.0,0.0,0.0,0.6,0.1919161951929892,0.0,0.0540419024035054,0.1540419024035054,0.0,0.9459580975964946,0.9459580975964946,971.7874292789484,60.0,224.0,97.17874292789485,53.67478683670773,97.17874292789485,0.032317659905555,10.0,2880.9978080310734,BACKDOOR_MALWARE
9.92,6,60.16,773.3759636535955,0.01,0.01,0.0,0.0,0.47,0.0,0.0,47.0,1.0,1.0,0.0,0.0,0.01,0.0,0.0,0.0,0.0,0.0,0.48,0.0,0.0,0.06,0.0,0.0,0.94,0.94,87348.0,60.0,1514.0,873.48,599.7475307211031,873.48,0.0012983202934265,100.0,359697.1006060605,DDOS-ACK_FRAGMENTATION
29.6,6,99.4,534.64678138942,0.0,0.0,0.0,0.1,0.9,0.0,0.0,9.0,0.0,0.0,0.0,0.0,0.8,0.0,0.0,0.0,0.0,0.0,0.9,0.1,0.0,0.0,0.0,0.0,1.0,1.0,984.0,66.0,339.0,98.4,86.04417470113826,98.4,0.0037060976028442,10.0,7403.600000000001,BENIGN
5.346051827528001,0,23.652553642426312,893.3425505623611,0.0,0.0,0.0,0.0,0.1311361104094615,0.0,0.0,1.3113611040946158,0.0,0.0,0.0,0.0,0.1311361104094615,0.0562879631968461,0.0,0.0,0.0,0.0,0.1311361104094615,0.1437120368031538,0.0,0.6814398159842308,0.0437120368031538,0.0,0.3185601840157693,0.3185601840157693,641.36512956882,60.0,93.4969629442523,64.136512956882,10.467499263246856,64.136512956882,0.001902155119843,10.0,110.80692951830125,RECON-PINGSWEEP
23.736963434493017,11,88.15514176165826,69.70639148389753,0.0,0.0,0.0,0.3022827239082169,0.6557068097705423,0.0,0.0,6.557068097705423,0.0,0.0,0.0,0.0,0.5091308956328676,0.0,0.0,0.0,0.0,0.0,0.6557068097705423,0.3442931902294577,0.0,0.0,0.0,0.0,1.0,1.0,1311.6940315321986,63.068481717246506,339.0,131.16940315321986,89.30525092158875,131.16940315321986,0.0354469043774853,10.0,7975.439146280123,XSS
20.0,6,64.0,92589.49227373068,0.0,0.0,1.0,0.0,1.0,0.0,0.0,10.0,0.0,0.0,10.0,0.0,0.0,0.0,0.0,0.0,0.0,0.0,1.0,0.0,0.0,0.0,0.0,0.0,1.0,1.0,600.0,60.0,60.0,60.0,0.0,60.0,1.0895729064941409e-05,10.0,0.0,RECON-PORTSCAN
19.70366365991702,6,84.52010546597916,60.48758279137902,0.0120508313419693,0.028076247012954,0.0,0.2817966746321225,0.5415425179222755,0.0,0.0,54.15425179222756,2.807624701295408,1.2050831341969384,0.0,0.0723049880518163,0.3337204276191683,0.0720508313419693,0.0,0.0,0.0,0.0,0.563593349264245,0.2882033253678775,0.0,0.1141016626839387,0.0341016626839387,0.0,0.8858983373160613,0.8858983373160613,15035.408811973331,60.0,635.0144656018117,150.35408811973332,113.48475797497112,150.35408811973332,0.0166959600296711,100.0,12882.517269192687,DDOS-SLOWLORIS
32.0,6,97.6,9960.3514604607,0.0,0.0,0.0,0.0,1.0,0.0,0.0,10.0,0.0,0.0,0.0,0.0,1.0,0.0,0.0,0.0,0.0,0.0,1.0,0.0,0.0,0.0,0.0,0.0,1.0,1.0,12132.0,66.0,1500.0,1213.2,604.6274886241941,1213.2,0.0001199007034301,10.0,365574.4,DNS_SPOOFING
18.707204707162592,6,73.68746392082183,44.7993443602478,0.0068443790671862,0.0,0.0,0.1863112418656275,0.4794668627984413,0.0,0.0,4.7946686279844135,0.0,0.0684437906718622,0.0,0.0136887581343724,0.1863112418656275,0.0931556209328137,0.0,0.0,0.0,0.0,0.4794668627984413,0.4205331372015587,0.0,0.0,0.1,0.0,1.0,1.0,916.3573490238751,60.0,178.60086404553076,91.63573490238753,46.01068647402696,91.63573490238753,0.022916378295146,10.0,2116.989176697983,UPLOADING_ATTACK
30.454566575351706,6,70.72584942463142,65.88327152846293,0.1413641643837927,0.1586358356162073,0.0,0.3172716712324146,0.8827283287675854,0.0,0.0,8.827283287675854,1.5863583561620729,1.4136416438379271,0.0,0.8240924931513781,0.0,0.0586358356162073,0.0,0.0,0.0,0.0,0.9413641643837928,0.0586358356162073,0.0,0.0,0.0,0.0,1.0,1.0,1239.0,62.48184986302756,441.0,123.9,127.22247218167963,123.9,0.0180167592444098,10.0,16185.558496681851,SQLINJECTION
8.0,17,64.0,11702.857142857143,0.0,0.0,0.0,0.0,0.0,0.0,0.0,0.0,0.0,0.0,0.0,0.0,0.0,0.0,0.0,0.0,0.0,0.0,0.0,1.0,0.0,0.0,0.0,0.0,1.0,1.0,55400.0,554.0,554.0,554.0,0.0,554.0,8.592128753662109e-05,100.0,0.0,MIRAI-UDPPLAIN
20.0,6,64.0,28589.08049894349,0.0,0.0,0.0,0.0,0.0,0.0,0.0,0.0,0.0,0.0,0.0,0.0,0.0,0.0,0.0,0.0,0.0,0.0,1.0,0.0,0.0,0.0,0.0,0.0,1.0,1.0,6000.0,60.0,60.0,60.0,0.0,60.0,3.497838973999024e-05,100.0,0.0,DDOS-TCP_FLOOD
28.37730426873807,6,93.84213254260604,201.72310110260293,0.0532624237725344,0.0888652134369034,0.12,0.337872362790562,0.7613475152454932,0.0,0.0,76.13475152454932,8.886521343690344,5.326242377253449,12.0,0.0013475152454931,0.7324115090429483,0.0053900609819724,0.0,0.0,0.0,0.0,0.9140425457364794,0.0859574542635207,0.0,0.0,0.0,0.0,1.0,1.0,22284.489451162248,60.0,1711.9433307489396,222.8448945116225,397.0810777979924,222.8448945116225,0.0049716471208423,100.0,157673.54671792538,DDOS-SLOWLORIS
26.79762399888461,6,94.05218021880803,137.48076808209763,0.0312731529313348,0.0475154352875565,0.0538194587940045,0.3025463058626697,0.72,0.0,0.0,72.0,4.751543528755656,3.127315293133483,5.38194587940045,0.1627932704635745,0.446057058905543,0.0150308705751131,0.0,0.0,0.0,0.0,0.7888503293691176,0.1824228235622172,0.0,0.0162422823562217,0.0124845647124434,0.0,0.9837577176437784,0.9837577176437784,16682.919736504708,60.0,985.5107530428734,166.8291973650471,173.59153164909608,166.8291973650471,0.0098525907736625,100.0,30134.337330320155,DDOS-SLOWLORIS
33.04,6,63.55,433.84489669261205,0.02,0.02,0.05,0.13,0.86,0.0,0.0,86.0,2.0,2.0,5.0,0.87,0.05,0.04,0.0,0.0,0.0,0.0,0.92,0.06,0.01,0.02,0.0,0.0,0.98,0.98,66598.0,60.0,2962.0,665.98,799.9513997863887,665.98,0.0023076915740966,100.0,639922.2420202028,DOS-HTTP_FLOOD
28.0,6,71.4,50.26489621782273,0.0,0.2,0.0,0.3,0.7,0.0,0.0,7.0,2.0,0.0,0.0,0.1,0.4,0.0,0.0,0.0,0.3,0.0,0.8,0.1,0.0,0.1,0.0,0.0,0.9,0.9,1197.0,60.0,317.0,119.7,84.94187555159247,119.7,0.020259690284729,10.0,7215.122222222222,VULNERABILITYSCAN
4.0,17,64.63,2617.7914531621554,0.0,0.0,0.0,0.0,0.0,0.0,0.0,0.0,0.0,0.0,0.0,0.0,0.0,0.0,0.0,0.0,0.0,0.0,0.0,0.5,0.0,0.02,0.0,0.0,0.98,0.98,91896.0,60.0,1514.0,918.96,587.8566086412841,918.96,0.0003871512413024,100.0,345575.39232323185,DDOS-UDP_FRAGMENTATION
32.0,6,127.0,357.86966092728795,0.0,0.0,0.0,0.0,1.0,0.0,0.0,10.0,0.0,0.0,0.0,0.0,1.0,0.0,0.0,0.0,0.0,0.0,1.0,0.0,0.0,0.0,0.0,0.0,1.0,1.0,4944.0,66.0,1494.0,494.4,689.7895331186173,494.4,0.0035540103912353,10.0,475809.6,BENIGN
20.04,6,63.37,11224.620654588272,0.0,0.0,0.0,0.01,0.02,0.0,0.0,2.0,0.0,0.0,0.0,0.02,0.0,0.0,0.0,0.0,0.0,0.0,0.99,0.0,0.0,0.0,0.0,0.01,1.0,1.0,6208.0,60.0,262.0,62.08,20.20285008396467,62.08,8.934974670410156e-05,100.0,408.1551515151512,DOS-TCP_FLOOD
20.0,6,64.0,5862.633660875278,0.0,1.0,0.0,0.0,0.0,0.0,0.0,0.0,100.0,0.0,0.0,0.0,0.0,0.0,0.0,0.0,0.0,0.0,1.0,0.0,0.0,0.0,0.0,0.0,1.0,1.0,6000.0,60.0,60.0,60.0,0.0,60.0,0.0001705718040466,100.0,0.0,DOS-SYN_FLOOD
27.2,6,54.8,277.5681130839328,0.0,0.1,0.0,0.0,0.8,0.0,0.0,8.0,1.0,0.0,0.0,0.1,0.7,0.0,0.0,0.0,0.0,0.0,0.8,0.1,0.0,0.1,0.0,0.0,0.9,0.9,15136.0,60.0,4410.0,1513.6,1672.395700119376,1513.6,0.0044600009918212,10.0,2796907.377777778,RECON-OSSCAN
15.695330616343188,16,111.25081669221689,158.89776812891876,0.0962474953307334,0.0,0.0962474953307334,0.1037525046692666,0.4225150280155995,0.0,0.0,4.225150280155996,0.0,0.962474953307334,0.962474953307334,0.0962474953307334,0.1300200373541327,0.3849899813229336,0.0,0.0,0.0,0.0,0.4225150280155995,0.5774849719844004,0.0,0.0,0.0,0.0,1.0,1.0,775.9868237392981,60.0,123.0,77.5986823739298,20.47926869586379,77.5986823739298,0.0081355367656479,10.0,419.4141120260715,DICTIONARYBRUTEFORCE
20.0,6,64.0,11282.593140551446,1.0,0.0,1.0,0.0,0.0,0.0,0.0,0.0,0.0,100.0,100.0,0.0,0.0,0.0,0.0,0.0,0.0,0.0,1.0,0.0,0.0,0.0,0.0,0.0,1.0,1.0,6000.0,60.0,60.0,60.0,0.0,60.0,8.863210678100586e-05,100.0,0.0,DDOS-RSTFINFLOOD
34.76,6,67.82,719.6778328182936,0.13,0.14,0.15,0.13,0.84,0.0,0.0,84.0,14.0,13.0,15.0,0.96,0.02,0.0,0.0,0.0,0.0,0.0,0.99,0.01,0.0,0.0,0.0,0.0,1.0,1.0,13202.0,60.0,559.0,132.02,159.40926173617618,132.02,0.0014191007614135,100.0,25411.31272727272,DDOS-HTTP_FLOOD
32.0,6,127.5,12486.763917832688,0.0,0.0,0.0,0.5,1.0,0.0,0.0,10.0,0.0,0.0,0.0,0.8,0.2,0.0,0.0,0.0,0.0,0.0,1.0,0.0,0.0,0.0,0.0,0.0,1.0,1.0,11874.0,66.0,2858.0,1187.4,1278.4608975900148,1187.4,0.0001051902770996,10.0,1634462.2666666666,BENIGN
30.88,6,64.32,350.1570750562473,0.0,0.03,0.0,0.86,0.94,0.0,0.0,94.0,3.0,0.0,0.0,0.86,0.09,0.0,0.0,0.0,0.0,0.0,0.95,0.03,0.0,0.02,0.0,0.0,0.98,0.98,8298.0,60.0,234.0,82.98,25.5872364015082,82.98,0.0028558611869812,100.0,654.706666666666,DDOS-SLOWLORIS
30.4,6,83.1,1166.3155553083811,0.2,0.1,0.0,0.2,0.9,0.0,0.0,9.0,1.0,2.0,0.0,0.0,0.0,0.0,0.0,0.0,0.0,0.0,0.9,0.1,0.0,0.0,0.0,0.0,1.0,1.0,4275.0,66.0,3322.0,427.5,1019.62098077886,427.5,0.0008799076080322,10.0,1039626.9444444444,RECON-PORTSCAN
1.12,1,68.07,744.2977685107138,0.0,0.01,0.0,0.0,0.02,0.0,0.0,2.0,1.0,0.0,0.0,0.01,0.01,0.03,0.0,0.0,0.0,0.0,0.02,0.05,0.0,0.0,0.93,0.0,1.0,1.0,86993.0,66.0,1514.0,869.93,601.448642693605,869.93,0.001343548297882,100.0,361740.4697979799,DDOS-ICMP_FRAGMENTATION
20.0,6,64.0,20621.97748168544,0.0,0.0,0.0,0.0,0.0,0.0,0.0,0.0,0.0,0.0,0.0,0.0,0.0,0.0,0.0,0.0,0.0,0.0,1.0,0.0,0.0,0.0,0.0,0.0,1.0,1.0,6000.0,60.0,60.0,60.0,0.0,60.0,4.84919548034668e-05,100.0,0.0,DOS-TCP_FLOOD
24.0870694020664,6,103.83136196901398,43.30200598773152,0.0,0.0,0.0,0.4,0.7292515773196909,0.0,0.0,7.29251577319691,0.0,0.0,0.0,0.0,0.4537421134015452,0.0,0.0,0.0,0.2047610412378367,0.0,0.7292515773196909,0.2,0.0,0.0,0.070748422680309,0.0,1.0,1.0,1496.0272318556526,61.75509463918146,393.8164116494132,149.60272318556525,107.39350348221866,149.60272318556525,0.0309807328275078,10.0,11533.368670269216,DICTIONARYBRUTEFORCE
17.6,17,61.8,192.9418042477241,0.0,0.0,0.0,0.2,0.4,0.0,0.0,4.0,0.0,0.0,0.0,0.0,0.2,0.0,0.0,0.0,0.0,0.0,0.4,0.6,0.0,0.0,0.0,0.0,1.0,1.0,5164.0,60.0,3129.0,516.4,1024.7230737022458,516.4,0.0052377939224243,10.0,1050057.377777778,BENIGN
31.2,6,68.6,36.59960715429447,0.1,0.2,0.0,0.3,0.8,0.0,0.0,8.0,2.0,1.0,0.0,0.6,0.0,0.1,0.0,0.0,0.0,0.0,0.9,0.1,0.0,0.0,0.0,0.0,1.0,1.0,914.0,66.0,262.0,91.4,60.30883480515567,91.4,0.0276767969131469,10.0,3637.155555555556,BENIGN
15.095037600578165,3,39.41054999727864,260.7428191402775,0.0550696185211952,0.0,0.0,0.2101392370423904,0.4304177111271711,0.0,0.0,4.304177111271712,0.0,0.550696185211952,0.0,0.0,0.4304177111271711,0.0,0.0,0.0,0.0,0.0,0.4304177111271711,0.1652088555635855,0.0,0.3145126703516336,0.0898607629576096,0.0,0.6854873296483663,0.6854873296483663,781.9125313338151,60.0,156.0,78.19125313338151,31.89902855535536,78.19125313338151,0.0040294929013181,10.0,1017.5483993943052,RECON-PINGSWEEP
13.519617744386784,13,93.70095563903304,59.82106352644337,0.0,0.0,0.0,0.1299840726827827,0.3299840726827827,0.0,0.0,3.299840726827827,0.0,0.0,0.0,0.0,0.2400318546344346,0.2,0.0,0.0,0.0,0.0,0.3299840726827827,0.3700159273172173,0.0,0.0299840726827826,0.2700159273172173,0.0,0.9700159273172172,0.9700159273172172,1561.591717795047,64.20095563903304,228.20095563903303,156.1591717795047,68.18450962586756,156.1591717795047,0.0191316928040517,10.0,4649.127841225356,BACKDOOR_MALWARE
25.679632523303543,6,126.18866789697532,58.181840181776685,0.0,0.0,0.0,0.3457011615465551,0.7457011615465551,0.0,0.0,7.457011615465551,0.0,0.0,0.0,0.0,0.4914023230931101,0.0542988384534449,0.0,0.0,0.0,0.0,0.7457011615465551,0.2271494192267224,0.0,0.0,0.0271494192267224,0.0,1.0,1.0,935.8733315757496,61.62896515360335,230.0,93.58733315757496,50.734994304919645,93.58733315757496,0.0198326215262111,10.0,2574.041033967605,UPLOADING_ATTACK
20.0,6,64.0,32456.11700069643,0.0,1.0,0.0,0.0,0.0,0.0,0.0,0.0,100.0,0.0,0.0,0.0,0.0,0.0,0.0,0.0,0.0,0.0,1.0,0.0,0.0,0.0,0.0,0.0,1.0,1.0,6000.0,60.0,60.0,60.0,0.0,60.0,3.082990646362305e-05,100.0,0.0,DDOS-SYNONYMOUSIP_FLOOD
32.0,6,63.5,151.4118109980398,0.0,0.0,0.0,0.2,1.0,0.0,0.0,10.0,0.0,0.0,0.0,0.0,0.5,0.0,0.0,0.0,0.0,0.0,1.0,0.0,0.0,0.0,0.0,0.0,1.0,1.0,5819.0,66.0,1514.0,581.9,680.0579142004501,581.9,0.0066136121749877,10.0,462478.7666666667,BENIGN
28.4,6,106.8,175.42636307362855,0.1,0.1,0.0,0.4,0.9,0.0,0.0,9.0,1.0,1.0,0.0,0.0,0.1,0.1,0.0,0.0,0.0,0.0,0.9,0.1,0.0,0.0,0.0,0.0,1.0,1.0,1393.0,60.0,681.0,139.3,191.7261067251928,139.3,0.0068259000778198,10.0,36758.900000000016,SQLINJECTION
22.4,6,127.1,140.47928298461673,0.0,0.0,0.0,0.1,0.6,0.0,0.0,6.0,0.0,0.0,0.0,0.0,0.6,0.1,0.0,0.0,0.0,0.0,0.6,0.4,0.0,0.0,0.0,0.0,1.0,1.0,779.0,60.0,156.0,77.9,29.09925543148255,77.9,0.0071962833404541,10.0,846.7666666666667,BENIGN
25.354292746397302,6,81.59552415340666,194.98130544868616,0.0110475604466891,0.0147300805955854,0.0,0.2689203223823419,0.86050772163786,0.0,0.0,86.05077216378601,1.4730080595585484,1.1047560446689113,0.0,0.0926028425312383,0.4137788716618031,0.0136825201488963,0.0,0.0,0.0,0.0,0.8678727619356528,0.0626349597022072,0.0,0.0631747985110363,0.0063174798511036,0.0,0.9368252014889638,0.9368252014889638,51836.52241443554,60.0,3881.190106618481,518.3652241443555,758.6685618356496,518.3652241443555,0.0075687370534109,100.0,575578.077576941,DDOS-SLOWLORIS
32.8,6,80.6,299.7880050604321,0.0,0.1,0.0,0.2,1.0,0.0,0.0,10.0,1.0,0.0,0.0,0.0,1.0,0.0,0.0,0.0,0.0,0.0,1.0,0.0,0.0,0.0,0.0,0.0,1.0,1.0,12375.0,74.0,2962.0,1237.5,897.6618083789809,1237.5,0.0034065008163452,10.0,805796.7222222222,BENIGN
32.0,6,222.5,850.3403953370502,0.0,0.0,0.0,0.3,1.0,0.0,0.0,10.0,0.0,0.0,0.0,0.0,1.0,0.0,0.0,0.0,0.0,0.0,1.0,0.0,0.0,0.0,0.0,0.0,1.0,1.0,6785.0,66.0,2922.0,678.5,1002.7129034108748,678.5,0.0025203943252563,10.0,1005433.1666666666,DICTIONARYBRUTEFORCE
14.8,6,97.9,18.135483951865325,0.1,0.0,0.0,0.2,0.5,0.0,0.0,5.0,0.0,1.0,0.0,0.0,0.2,0.1,0.0,0.0,0.0,0.0,0.5,0.3,0.0,0.1,0.1,0.0,0.9,0.9,1054.0,60.0,214.0,105.4,59.08035958665865,105.4,0.0552955150604248,10.0,3490.4888888888886,SQLINJECTION
20.0,6,64.0,665762.5396825396,0.0,0.0,1.0,0.0,1.0,0.0,0.0,10.0,0.0,0.0,10.0,0.0,0.0,0.0,0.0,0.0,0.0,0.0,1.0,0.0,0.0,0.0,0.0,0.0,1.0,1.0,600.0,60.0,60.0,60.0,0.0,60.0,0.0004019827323925,10.0,0.0,RECON-OSSCAN
12.4,17,137.2,53.50996892207044,0.0,0.1,0.0,0.0,0.1,0.0,0.0,1.0,1.0,0.0,0.0,0.1,0.1,0.4,0.0,0.0,0.0,0.0,0.2,0.8,0.0,0.0,0.0,0.0,1.0,1.0,1213.0,60.0,230.0,121.3,72.38792103045307,121.3,0.0208489894866943,10.0,5240.011111111111,BENIGN
32.0,6,147.5,843.9583081814158,0.0,0.0,0.0,0.0,1.0,0.0,0.0,10.0,0.0,0.0,0.0,0.0,1.0,0.0,0.0,0.0,0.0,0.0,1.0,0.0,0.0,0.0,0.0,0.0,1.0,1.0,660.0,66.0,66.0,66.0,0.0,66.0,0.0012918949127197,10.0,0.0,MITM-ARPSPOOFING
15.619425880774653,12,92.47577560440048,71.83259892652144,0.0,0.0,0.0,0.1483908358302449,0.4225862537453674,0.0,0.0,4.225862537453674,0.0,0.0,0.0,0.0,0.1629022910424387,0.3145114552121938,0.0,0.0,0.0,0.0,0.4225862537453674,0.5403160372970714,0.0,0.0370977089575612,0.0,0.0,0.9629022910424389,0.9629022910424389,929.322412387639,60.0,230.0,92.9322412387639,50.92197945478093,92.9322412387639,0.0235571345835755,10.0,2593.065493877933,XSS
24.8,6,76.7,47.22368714379325,0.0,0.0,0.0,0.4,0.7,0.0,0.0,7.0,0.0,0.0,0.0,0.0,0.7,0.0,0.0,0.0,0.0,0.0,0.7,0.3,0.0,0.0,0.0,0.0,1.0,1.0,1129.0,62.0,230.0,112.9,62.91519865837048,112.9,0.0225780963897705,10.0,3958.322222222223,BENIGN
25.6,6,80.6,27.328675502341405,0.0,0.1,0.0,0.5,0.7,0.0,0.0,7.0,1.0,0.0,0.0,0.3,0.4,0.0,0.0,0.0,0.0,0.0,0.8,0.1,0.0,0.1,0.0,0.0,0.9,0.9,1582.0,60.0,385.0,158.2,112.36824383348804,158.2,0.0518452882766723,10.0,12626.622222222222,RECON-HOSTDISCOVERY
31.50707239214572,6,63.13737668625501,100.94811268059652,0.0,0.0,0.0,0.7,1.0,0.0,0.0,10.0,0.0,0.0,0.0,0.0,0.0,0.0,0.0,0.0,0.9589226993454768,0.0,1.0,0.0,0.0,0.0,0.0,0.0,1.0,1.0,1122.0538650327262,66.0,150.0,112.20538650327262,34.73367061294012,112.20538650327262,0.0109440844173869,10.0,1206.4320858933313,DICTIONARYBRUTEFORCE
20.0,6,64.0,12529.660941000748,0.0,0.0,0.0,0.0,0.0,0.0,0.0,0.0,0.0,0.0,0.0,0.0,0.0,0.0,0.0,0.0,0.0,0.0,1.0,0.0,0.0,0.0,0.0,0.0,1.0,1.0,6000.0,60.0,60.0,60.0,0.0,60.0,7.981061935424805e-05,100.0,0.0,DDOS-TCP_FLOOD
21.970003605812845,6,73.14506670753767,40.46772329189156,0.0,0.0,0.0,0.3537495492733941,0.6,0.0,0.0,6.0,0.0,0.0,0.0,0.0,0.5074990985467882,0.0,0.0,0.0,0.0,0.0,0.6,0.3462504507266059,0.0,0.0537495492733941,0.0,0.0,0.946250450726606,0.946250450726606,1210.3627569141654,60.0,225.1625405653945,121.03627569141652,66.90506647448903,121.03627569141652,0.0262176894905406,10.0,4476.29228123234,BACKDOOR_MALWARE
8.12,17,65.74,4759.385886277758,0.0,0.0,0.0,0.0,0.01,0.0,0.0,1.0,0.0,0.0,0.0,0.0,0.01,0.0,0.0,0.0,0.0,0.0,0.01,0.99,0.0,0.0,0.0,0.0,1.0,1.0,6000.0,60.0,60.0,60.0,0.0,60.0,0.0002128291130065,100.0,0.0,DOS-UDP_FLOOD
32.0,6,231.0,4768.422010004548,0.0,0.0,0.0,0.0,1.0,0.0,0.0,10.0,0.0,0.0,0.0,0.0,1.0,0.0,0.0,0.0,0.0,0.0,1.0,0.0,0.0,0.0,0.0,0.0,1.0,1.0,660.0,66.0,66.0,66.0,0.0,66.0,0.0005478143692016,10.0,0.0,BENIGN
29.6,6,77.00080716654676,667.720834416489,0.0115695064056447,0.0,0.0,0.0462780256225788,0.9,0.0,0.0,9.0,0.0,0.1156950640564471,0.0,0.0115695064056447,0.8884304935943553,0.0,0.0,0.0,0.0,0.0,0.9,0.1,0.0,0.0,0.0,0.0,1.0,1.0,10311.99194264278,66.0,3013.9775759248755,1031.1991942642776,1161.3378195886,1031.1991942642776,0.0025179909277364,10.0,1348713.7181095292,RECON-PINGSWEEP
30.243888531185146,6,60.532970542611125,676.7974932245145,0.0,0.0,0.0,0.0632571655740737,0.8897714967222213,0.0,0.0,8.897714967222214,0.0,0.0,0.0,0.0,0.8265143311481475,0.0,0.0,0.0,0.0,0.0,0.8897714967222213,0.0,0.0,0.0367428344259262,0.0734856688518524,0.0,0.9632571655740738,0.9632571655740738,10714.63257165574,63.79542993444443,1494.0,1071.463257165574,680.4553914092387,1071.463257165574,0.0036356077783493,10.0,463019.5428654952,DICTIONARYBRUTEFORCE
37.06963353784293,6,65.98918108044188,1044.1510514341198,0.2250122154052357,0.2512713769591625,0.0287530538513089,0.11,0.961246946148691,0.0,0.0,96.12469461486911,25.12713769591625,22.501221540523574,2.8753053851308934,0.97,0.0,0.0,0.0,0.0,0.0,0.0,0.99,0.0093765269256544,0.0,0.0006234730743455,0.0,0.0,0.9993765269256544,0.9993765269256544,12763.004886162094,60.0,553.7481676892146,127.63004886162096,152.75600167841588,127.63004886162096,0.000958941674055,100.0,23334.396596099923,DDOS-HTTP_FLOOD
0.0,47,64.0,3772.8739767923,0.0,0.0,0.0,0.0,0.0,0.0,0.0,0.0,0.0,0.0,0.0,0.0,0.0,0.0,0.0,0.0,0.0,0.0,0.0,0.0,0.0,0.0,0.0,0.0,1.0,1.0,57800.0,578.0,578.0,578.0,0.0,578.0,0.0002663612365722,100.0,0.0,MIRAI-GREIP_FLOOD
25.36098769494955,6,58.54143199313117,63.04254042344756,0.1,0.1280493847474775,0.0,0.1280493847474775,0.6280493847474775,0.0,0.0,6.280493847474776,1.2804938474747751,1.0,0.0,0.2280493847474775,0.4719506152525224,0.1719506152525224,0.0,0.0,0.0,0.0,0.7280493847474775,0.1719506152525224,0.0,0.1,0.0,0.0,0.9,0.9,780.2074077121216,60.0,156.0,78.02074077121216,28.43454003648857,78.02074077121216,0.0160590925117561,10.0,808.5234568409091,SQLINJECTION
10.446819942131851,10,82.99262463832407,26.729628671986664,0.0,0.0,0.0,0.0579789275380687,0.2739367826142063,0.0,0.0,2.739367826142063,0.0,0.0,0.0,0.0,0.1579789275380687,0.1420210724619312,0.0,0.0,0.0,0.0,0.2739367826142063,0.3840421449238624,0.0,0.2,0.1420210724619312,0.0,0.8,0.8,761.4042144923862,60.0,123.84042144923862,76.14042144923862,23.38076426186912,76.14042144923862,0.0460780980331059,10.0,546.6919966508739,COMMANDINJECTION
20.0,6,64.0,22069.47645356485,0.0,1.0,0.0,0.0,0.0,0.0,0.0,0.0,100.0,0.0,0.0,0.0,0.0,0.0,0.0,0.0,0.0,0.0,1.0,0.0,0.0,0.0,0.0,0.0,1.0,1.0,6000.0,60.0,60.0,60.0,0.0,60.0,4.531145095825196e-05,100.0,0.0,DOS-SYN_FLOOD
21.6,6,98.0,30.05142189381884,0.0,0.0,0.0,0.3,0.6,0.0,0.0,6.0,0.0,0.0,0.0,0.2,0.4,0.0,0.0,0.0,0.0,0.0,0.6,0.3,0.0,0.0,0.1,0.0,1.0,1.0,2753.0,66.0,1514.0,275.3,445.1481775768604,275.3,0.0340111970901489,10.0,198156.9,XSS
8.0,17,64.0,34399.27827441975,0.0,0.0,0.0,0.0,0.0,0.0,0.0,0.0,0.0,0.0,0.0,0.0,0.0,0.0,0.0,0.0,0.0,0.0,0.0,1.0,0.0,0.0,0.0,0.0,1.0,1.0,6000.0,60.0,60.0,60.0,0.0,60.0,2.907037734985352e-05,100.0,0.0,DOS-UDP_FLOOD
8.0,17,64.0,101532.41345921085,0.0,0.0,0.0,0.0,0.0,0.0,0.0,0.0,0.0,0.0,0.0,0.0,0.0,0.0,0.0,0.0,0.0,0.0,0.0,1.0,0.0,0.0,0.0,0.0,1.0,1.0,6000.0,60.0,60.0,60.0,0.0,60.0,9.849071502685547e-06,100.0,0.0,DDOS-UDP_FLOOD
32.0,6,64.0,1417.233992228417,0.0,0.0,0.0,0.0,1.0,0.0,0.0,10.0,0.0,0.0,0.0,0.0,1.0,0.0,0.0,0.0,0.0,0.0,1.0,0.0,0.0,0.0,0.0,0.0,1.0,1.0,15140.0,1514.0,1514.0,1514.0,0.0,1514.0,0.0075386047363281,10.0,0.0,BENIGN
18.8,6,235.9,455.4323253162496,0.0,0.0,0.8,0.0,0.9,0.0,0.0,9.0,0.0,0.0,8.0,0.0,0.0,0.0,0.0,0.0,0.0,0.0,0.9,0.1,0.0,0.0,0.0,0.0,1.0,1.0,600.0,60.0,60.0,60.0,0.0,60.0,0.0031599044799804,10.0,0.0,RECON-OSSCAN
32.0,6,64.0,2812.1381159906136,0.0,0.0,0.0,0.0,1.0,0.0,0.0,10.0,0.0,0.0,0.0,0.0,1.0,0.0,0.0,0.0,0.0,0.0,1.0,0.0,0.0,0.0,0.0,0.0,1.0,1.0,22380.0,1514.0,4410.0,2238.0,1230.5633759470588,2238.0,0.0003652095794677,10.0,1514286.2222222222,BENIGN
29.6,6,78.4,71.95222745823247,0.2,0.0,0.0,0.4,0.9,0.0,0.0,9.0,0.0,2.0,0.0,0.2,0.7,0.0,0.0,0.0,0.0,0.0,0.9,0.1,0.0,0.0,0.0,0.0,1.0,1.0,1088.0,66.0,317.0,108.8,86.20234593353271,108.8,0.0153840065002441,10.0,7430.844444444443,VULNERABILITYSCAN
32.76,6,71.34,940.1233682398508,0.04,0.32,0.17,0.17,0.75,0.0,0.0,75.0,32.0,4.0,17.0,0.96,0.01,0.0,0.0,0.0,0.0,0.0,0.99,0.01,0.0,0.0,0.0,0.0,1.0,1.0,22643.0,60.0,1514.0,226.43,391.0630230279999,226.43,0.0010662484169006,100.0,152930.287979798,DDOS-HTTP_FLOOD
29.331775777420845,6,81.51129807689466,111.64728471328068,0.0762182896889135,0.1237817103110865,0.0,0.352436579377827,0.7713451309332595,0.0,0.0,7.713451309332595,1.237817103110865,0.762182896889135,0.0,0.190253682488692,0.2762182896889135,0.152436579377827,0.0,0.0,0.0,0.0,0.847563420622173,0.152436579377827,0.0,0.0,0.0,0.0,1.0,1.0,1024.3528027822397,66.0,274.8109144844457,102.43528027822394,66.7349241274423,102.43528027822394,0.0100030035275568,10.0,4453.603598381612,UPLOADING_ATTACK
0.32,1,61.2,1828.2605758123923,0.0,0.01,0.0,0.0,0.01,0.0,0.0,1.0,1.0,0.0,0.0,0.0,0.0,0.0,0.0,0.0,0.0,0.0,0.01,0.01,0.0,0.04,0.94,0.0,0.96,0.96,87550.0,60.0,1514.0,875.5,595.8781229192236,875.5,0.0005469679832458,100.0,355070.7373737374,DDOS-ICMP_FRAGMENTATION
30.720791232520693,6,71.28207164065367,557.6675103129858,0.0499010959349135,0.1926730821139012,0.1173269178860988,0.2848516439023704,0.7274258219511852,0.0,0.0,72.74258219511852,19.267308211390123,4.99010959349136,11.73269178860988,0.0,0.9399010959349136,0.0300989040650864,0.0,0.0,0.0,0.0,0.9448516439023704,0.0551483560976296,0.0,0.0,0.0,0.0,1.0,1.0,9665.138732926778,60.0,234.0,96.65138732926778,57.8383506333147,96.65138732926778,0.0018438042061107,100.0,3345.280334338571,DDOS-SLOWLORIS
0.0,1,64.0,6386.454510848877,0.0,0.0,0.0,0.0,0.0,0.0,0.0,0.0,0.0,0.0,0.0,0.0,0.0,0.0,0.0,0.0,0.0,0.0,0.0,0.0,0.0,0.0,1.0,0.0,1.0,1.0,93800.0,362.0,1514.0,938.0,578.9017815893061,938.0,0.0001565909385681,100.0,335127.2727272727,DDOS-ICMP_FRAGMENTATION
32.72,6,64.0,6177.815091393811,0.0,0.63,0.36,0.01,0.37,0.0,0.0,37.0,63.0,0.0,36.0,0.0,0.0,0.0,0.0,0.0,0.0,0.0,1.0,0.0,0.0,0.0,0.0,0.0,1.0,1.0,6998.0,60.0,176.0,69.98,12.65069168069478,69.98,0.0001620411872863,100.0,160.04000000000008,DDOS-HTTP_FLOOD
48.4,6,81.7,11400.663223702091,0.0,0.0,0.0,0.3,1.0,0.0,0.0,10.0,0.0,0.0,0.0,1.0,0.0,0.0,0.0,0.0,0.0,0.0,1.0,0.0,0.0,0.0,0.0,0.0,1.0,1.0,7804.0,78.0,2858.0,780.4,1175.673726469683,780.4,9.629726409912107e-05,10.0,1382208.711111111,BENIGN
17.2,17,98.0,274.6653045721845,0.0,0.1,0.0,0.2,0.4,0.0,0.0,4.0,1.0,0.0,0.0,0.0,0.3,0.0,0.0,0.0,0.0,0.0,0.4,0.6,0.0,0.0,0.0,0.0,1.0,1.0,889.0,60.0,156.0,88.9,29.74876281274381,88.9,0.0036997079849243,10.0,884.9888888888888,BENIGN
32.0,6,82.3,9843.473363060317,0.0,0.0,0.0,0.1,1.0,0.0,0.0,10.0,0.0,0.0,0.0,0.0,1.0,0.0,0.0,0.0,0.0,0.0,1.0,0.0,0.0,0.0,0.0,0.0,1.0,1.0,3516.0,66.0,2922.0,351.6,903.1464997440892,351.6,0.0001016855239868,10.0,815673.6000000003,RECON-HOSTDISCOVERY
20.0,6,64.0,34141.6687016687,0.0,1.0,0.0,0.0,0.0,0.0,0.0,0.0,100.0,0.0,0.0,0.0,0.0,0.0,0.0,0.0,0.0,0.0,1.0,0.0,0.0,0.0,0.0,0.0,1.0,1.0,6000.0,60.0,60.0,60.0,0.0,60.0,2.9289722442626952e-05,100.0,0.0,DDOS-SYN_FLOOD
4.0,17,63.36,3544.3424766347243,0.0,0.0,0.0,0.0,0.0,0.0,0.0,0.0,0.0,0.0,0.0,0.0,0.0,0.0,0.0,0.0,0.0,0.0,0.0,0.5,0.0,0.01,0.0,0.0,0.99,0.99,93498.0,60.0,1514.0,934.98,582.7121884304933,934.98,0.0002851891517639,100.0,339553.4945454546,DDOS-UDP_FRAGMENTATION
32.0,6,148.0,353.29677642163426,0.0,0.0,0.0,0.0,1.0,0.0,0.0,10.0,0.0,0.0,0.0,0.0,1.0,0.0,0.0,0.0,0.0,0.0,1.0,0.0,0.0,0.0,0.0,0.0,1.0,1.0,9348.0,66.0,2962.0,934.8,1012.4501414335864,934.8,0.0028306007385253,10.0,1025055.2888888888,BENIGN
20.0,6,64.0,28418.61914763873,0.0,0.0,0.0,0.0,0.0,0.0,0.0,0.0,0.0,0.0,0.0,0.0,0.0,0.0,0.0,0.0,0.0,0.0,1.0,0.0,0.0,0.0,0.0,0.0,1.0,1.0,6000.0,60.0,60.0,60.0,0.0,60.0,3.5429000854492186e-05,100.0,0.0,DOS-TCP_FLOOD
16.0,6,77.4,19.80896174842741,0.0,0.0,0.0,0.1,0.4,0.0,0.0,4.0,0.0,0.0,0.0,0.0,0.4,0.0,0.0,0.0,0.0,0.0,0.4,0.4,0.0,0.1,0.1,0.0,0.9,0.9,988.0,60.0,230.0,98.8,56.73486092733853,98.8,0.0542982101440429,10.0,3218.844444444444,VULNERABILITYSCAN
32.56579722540669,6,70.2149381793825,259.3970977836477,0.0420836469027339,0.4950973014053318,0.0,0.2590194602810663,0.4072314804271355,0.0,0.0,40.72314804271355,49.50973014053319,4.208364690273395,0.0,0.070295667048803,0.1097548650702665,0.0395097301405331,0.0,0.0,0.0,0.0,0.8912256746486671,0.0592645952107997,0.0,0.0396322976053998,0.0098774325351332,0.0,0.9603677023946,0.9603677023946,26835.37780881841,60.0,1476.96322976054,268.35377808818413,398.5306011648488,268.35377808818413,0.0040021039070405,100.0,158826.64909437014,DDOS-HTTP_FLOOD
9.2,17,56.8,332.69907748931143,0.0,0.0,0.1,0.0,0.1,0.0,0.0,1.0,0.0,0.0,1.0,0.0,0.1,0.3,0.0,0.0,0.0,0.0,0.1,0.9,0.0,0.0,0.0,0.0,1.0,1.0,3896.0,46.0,995.0,389.6,420.5774337476725,389.6,0.0030162096023559,10.0,176885.3777777778,DNS_SPOOFING
24.0,6,153.3,115.01800282451016,0.0,0.0,0.0,0.4,0.7,0.0,0.0,7.0,0.0,0.0,0.0,0.0,0.7,0.0,0.0,0.0,0.0,0.0,0.7,0.2,0.0,0.0,0.1,0.0,1.0,1.0,1325.0,66.0,339.0,132.5,86.6682692159529,132.5,0.0121492862701416,10.0,7511.388888888889,UPLOADING_ATTACK
20.0,6,64.0,15119.51263472838,0.0,0.0,0.0,1.0,1.0,0.0,0.0,100.0,0.0,0.0,0.0,0.0,0.0,0.0,0.0,0.0,0.0,0.0,1.0,0.0,0.0,0.0,0.0,0.0,1.0,1.0,6000.0,60.0,60.0,60.0,0.0,60.0,6.613969802856446e-05,100.0,0.0,DDOS-PSHACK_FLOOD
25.2431674416178,6,76.44904820904256,169.73322217364552,0.0,0.0607083184304269,0.0,0.1571667262782921,0.7178750447087191,0.0,0.0,7.178750447087191,0.6070831843042697,0.0,0.0,0.178583363139146,0.5214166368608539,0.1821249552912809,0.0,0.0,0.0,0.0,0.778583363139146,0.2214166368608539,0.0,0.0,0.0,0.0,1.0,1.0,2243.195458841892,62.35750089417438,1501.8583363139146,224.31954588418915,450.2007547894164,224.31954588418915,0.0064082974815216,10.0,202680.7255164812,RECON-PINGSWEEP
31.94593936925921,6,63.59815995530206,2821.3277628440146,0.0,0.0783248870127482,0.0462563347404388,0.5086040725106236,0.8848604072510624,0.0,0.0,88.48604072510624,7.832488701274819,0.0,4.625633474043886,0.9656979637446882,0.0097208145021246,0.0,0.0,0.0,0.0,0.0,0.9802791854978752,0.0048604072510623,0.0,0.0148604072510623,0.0,0.0,0.9851395927489376,0.9851395927489376,124013.95042910308,60.0,2962.0,1240.1395042910308,945.6646511545672,1240.1395042910308,0.0003582538618436,100.0,894281.8423672748,DOS-HTTP_FLOOD
32.0,6,234.07926764721032,327.72727156965,0.0,0.0,0.0,0.0103177167178675,1.0,0.0,0.0,10.0,0.0,0.0,0.0,0.0,1.0,0.0,0.0,0.0,0.0,0.0,1.0,0.0,0.0,0.0,0.0,0.0,1.0,1.0,661.1349488389654,66.0,67.13494883896543,66.11349488389654,0.3589023358894425,66.11349488389654,0.0030797905015333,10.0,1.2484437228619747,SQLINJECTION
20.0,6,81.0,27.809298002039466,0.0,0.0,0.0,0.3,0.5,0.0,0.0,5.0,0.0,0.0,0.0,0.0,0.5,0.0,0.0,0.0,0.0,0.0,0.5,0.5,0.0,0.0,0.0,0.0,1.0,1.0,1330.0,50.0,230.0,133.0,55.507757215646095,133.0,0.03731050491333,10.0,3081.111111111112,MITM-ARPSPOOFING
27.2,6,63.5,59.337040804344845,0.0,0.1,0.0,0.3,0.8,0.0,0.0,8.0,1.0,0.0,0.0,0.0,0.2,0.0,0.0,0.0,0.0,0.0,0.9,0.0,0.0,0.1,0.0,0.0,0.9,0.9,1662.0,60.0,790.0,166.2,227.4295006760947,166.2,0.0170882940292358,10.0,51724.17777777777,DICTIONARYBRUTEFORCE
20.0,6,64.0,30384.700086931323,0.0,0.0,0.0,0.0,0.0,0.0,0.0,0.0,0.0,0.0,0.0,0.0,1.0,0.0,0.0,0.0,0.0,0.0,1.0,0.0,0.0,0.0,0.0,0.0,1.0,1.0,6000.0,60.0,60.0,60.0,0.0,60.0,3.561019897460938e-05,100.0,0.0,DOS-TCP_FLOOD
29.6,6,74.58567573309406,819.5720811182036,0.0,0.0,0.0,0.0146448455623414,0.9,0.0,0.0,9.0,0.0,0.0,0.0,0.8707103088753172,0.0,0.0,0.0,0.0,0.0,0.0,0.9,0.1,0.0,0.0,0.0,0.0,1.0,1.0,6597.949721621272,66.0,1514.0,659.7949721621272,736.4661178804168,659.7949721621272,0.0023658916869929,10.0,542382.3815528562,COMMANDINJECTION
11.844857883996635,16,68.38305046172962,14.193918354806849,0.0,0.0084849721578504,0.0,0.1042424860789252,0.2127274582367757,0.0,0.0,2.127274582367757,0.0848497215785049,0.0,0.0,0.0,0.2127274582367757,0.0,0.0,0.0,0.0,0.0,0.2212124303946262,0.5872725417632243,0.0,0.1915150278421495,0.0,0.0,0.8084849721578505,0.8084849721578505,1141.7454508352646,60.25454916473552,229.49090167052896,114.17454508352644,60.62989063434003,114.17454508352644,0.0899353889317337,10.0,3675.984929209083,BROWSERHIJACKING
27.2,6,157.1,107.40002714253158,0.1,0.0,0.0,0.3,0.8,0.0,0.0,8.0,0.0,1.0,0.0,0.1,0.7,0.0,0.0,0.0,0.0,0.0,0.8,0.2,0.0,0.0,0.0,0.0,1.0,1.0,1470.0,66.0,690.0,147.0,193.3339080451228,147.0,0.0109611988067626,10.0,37378.0,COMMANDINJECTION
30.4,6,60.0,374.2374817088405,0.2,0.1,0.0,0.2,0.8,0.0,0.0,8.0,1.0,2.0,0.0,0.5,0.4,0.1,0.0,0.0,0.0,0.0,0.9,0.1,0.0,0.0,0.0,0.0,1.0,1.0,4033.0,66.0,1514.0,403.3,596.7039187626194,403.3,0.0031578063964843,10.0,356055.5666666667,RECON-OSSCAN
24.8,6,74.3,385.75761756293167,0.0,0.1,0.0,0.1,0.6,0.0,0.0,6.0,1.0,0.0,0.0,0.1,0.6,0.1,0.0,0.0,0.0,0.0,0.7,0.2,0.0,0.1,0.0,0.0,0.9,0.9,9125.0,60.0,2962.0,912.5,999.1798025269414,912.5,0.0026226997375488,10.0,998360.2777777778,BENIGN
12.8,0,109.6,142.57610986470868,0.0,0.1,0.0,0.1,0.3,0.0,0.0,3.0,1.0,0.0,0.0,0.3,0.0,0.2,0.0,0.0,0.0,0.0,0.3,0.3,0.0,0.4,0.0,0.0,0.6,0.6,862.0,60.0,209.0,86.2,45.74761681710256,86.2,0.007175588607788,10.0,2092.844444444445,RECON-PINGSWEEP
29.6,6,216.3,243.55751698507635,0.0,0.0,0.0,0.0,0.9,0.0,0.0,9.0,0.0,0.0,0.0,0.0,0.9,0.0,0.0,0.0,0.0,0.0,0.9,0.1,0.0,0.0,0.0,0.0,1.0,1.0,824.0,66.0,230.0,82.4,51.86135362676141,82.4,0.0108995914459228,10.0,2689.599999999999,BENIGN
10.4,17,64.0,78.20452151214282,0.0,0.0,0.0,0.0,0.1,0.0,0.0,1.0,0.0,0.0,0.0,0.0,0.1,0.0,0.0,0.0,0.0,0.0,0.1,0.9,0.0,0.0,0.0,0.0,1.0,1.0,882.0,60.0,336.0,88.2,87.08846077408879,88.2,0.0164007902145385,10.0,7584.400000000002,VULNERABILITYSCAN
0.4,47,64.0,5073.79575641739,0.0,0.01,0.0,0.0,0.0,0.0,0.0,0.0,1.0,0.0,0.0,0.0,0.0,0.0,0.0,0.0,0.0,0.0,0.01,0.0,0.0,0.0,0.0,0.0,1.0,1.0,57296.0,74.0,578.0,572.96,50.40000000000008,572.96,0.0001985502243041,100.0,2540.1600000000085,MIRAI-GREIP_FLOOD
31.84,6,67.61,1197.6471394469636,0.36,0.01,0.0,0.4,0.98,0.0,0.0,98.0,1.0,36.0,0.0,0.97,0.02,0.0,0.0,0.0,0.0,0.0,0.99,0.01,0.0,0.0,0.0,0.0,1.0,1.0,25716.0,66.0,552.0,257.16,237.2245545742036,257.16,0.000881450176239,100.0,56275.48929292929,DDOS-SLOWLORIS
26.561071387163324,6,117.25805243400607,38.56586017127633,0.0,0.0775167404244269,0.0,0.2775167404244269,0.6775167404244269,0.0,0.0,6.77516740424427,0.7751674042442693,0.0,0.0,0.0,0.1348995574534384,0.022483259575573,0.0,0.0,0.0,0.0,0.7550334808488539,0.222483259575573,0.0,0.022483259575573,0.0,0.0,0.9775167404244268,0.9775167404244268,1053.201339233954,64.65100442546562,214.0,105.32013392339542,60.738175706528345,105.32013392339542,0.0320869084542097,10.0,3689.140255231768,XSS
30.896866018050453,6,190.560996601114,1108.0501748251202,0.0,0.0242165045126135,0.0,0.3515669909747729,0.9757834954873864,0.0,0.0,9.757834954873864,0.2421650451261354,0.0,0.0,0.0,1.0,0.0,0.0,0.0,0.0,0.0,1.0,0.0,0.0,0.0,0.0,0.0,1.0,1.0,15004.22786308658,60.0,2931.686601805045,1500.422786308658,952.6775448125884,1500.422786308658,0.000943303137168,10.0,907594.8325372908,BROWSERHIJACKING
12.874500299962376,17,151.464578284355,40.78985613867952,0.0,0.0273281343738242,0.0,0.1,0.2,0.0,0.0,2.0,0.2732813437382424,0.0,0.0,0.0273281343738242,0.2,0.0,0.0,0.0,0.0,0.0,0.2273281343738242,0.6726718656261758,0.0,0.1,0.0,0.0,0.9,0.9,1653.2810797830018,60.0,230.0,165.32810797830018,77.45855843167024,165.32810797830018,0.0276971858910644,10.0,5999.859118576712,UPLOADING_ATTACK
32.0,6,244.0,12296.299678609828,0.0,0.0,0.0,0.1,1.0,0.0,0.0,10.0,0.0,0.0,0.0,0.0,1.0,0.0,0.0,0.0,0.0,0.0,1.0,0.0,0.0,0.0,0.0,0.0,1.0,1.0,14940.0,1494.0,1494.0,1494.0,0.0,1494.0,8.15641710606943e-05,10.0,0.0,BACKDOOR_MALWARE
0.0,1,63.36,874.5457654118658,0.0,0.0,0.0,0.0,0.0,0.0,0.0,0.0,0.0,0.0,0.0,0.0,0.0,0.0,0.0,0.0,0.0,0.0,0.0,0.0,0.0,0.01,0.99,0.0,0.99,0.99,93498.0,60.0,1514.0,934.98,582.7121884304933,934.98,0.0011463212966918,100.0,339553.4945454546,DDOS-ICMP_FRAGMENTATION
29.6,6,131.2,1865.6276132016724,0.0,0.0,0.0,0.0,0.9,0.0,0.0,9.0,0.0,0.0,0.0,0.0,0.9,0.0,0.0,0.0,0.0,0.0,0.9,0.1,0.0,0.0,0.0,0.0,1.0,1.0,13686.0,60.0,5858.0,1368.6,1863.5855643236653,1368.6,0.0005468130111694,10.0,3472951.1555555547,BENIGN
21.2,6,50.5,54.23026149917575,0.0,0.1,0.0,0.3,0.5,0.0,0.0,5.0,1.0,0.0,0.0,0.0,0.4,0.0,0.0,0.0,0.0,0.0,0.6,0.3,0.1,0.1,0.0,0.0,0.9,0.9,1148.0,60.0,344.0,114.8,88.00984793381552,114.8,0.0194974899291992,10.0,7745.733333333333,BENIGN
31.66111676328981,6,131.5667005797389,677.1837135553938,0.0080686484930996,0.0,0.0,0.1080686484930996,1.0,0.0,0.0,10.0,0.0,0.0806864849309962,0.0,0.0,0.959656757534502,0.0,0.0,0.0,0.0121029727396494,0.0,1.0,0.0,0.0,0.0,0.0,0.0,1.0,1.0,11190.413520989236,65.757940545207,2969.7055593109103,1119.0413520989237,1028.6707637496374,1119.0413520989237,0.002116440680633,10.0,1058163.748245477,DICTIONARYBRUTEFORCE
21.6,6,172.4,71.86740619275997,0.0,0.0,0.0,0.4,0.8,0.0,0.0,8.0,0.0,0.0,0.0,0.0,0.4,0.0,0.0,0.0,0.0,0.0,0.8,0.1,0.0,0.0,0.1,0.0,1.0,1.0,791.0,60.0,114.0,79.1,23.83484843669034,79.1,0.0167982101440429,10.0,568.0999999999999,RECON-HOSTDISCOVERY
11.961349663676424,16,91.67576608742525,35.677656597299915,0.0024156460202234,0.0,0.0,0.195168707959553,0.2024156460202235,0.0,0.0,2.024156460202235,0.0,0.0241564602022348,0.0,0.0024156460202234,0.2,0.1975843539797765,0.0,0.0,0.0,0.0,0.2024156460202235,0.6855061238786591,0.0,0.0096625840808939,0.1024156460202234,0.0,0.990337415919106,0.990337415919106,780.4685578755508,60.0,112.31403398262906,78.04685578755507,21.62445933010765,78.04685578755507,0.0283250971012772,10.0,467.6535115844787,UPLOADING_ATTACK
32.0,6,232.0,3254.1733260920164,0.0,0.0,0.0,0.0,1.0,0.0,0.0,10.0,0.0,0.0,0.0,0.0,1.0,0.0,0.0,0.0,0.0,0.0,1.0,0.0,0.0,0.0,0.0,0.0,1.0,1.0,660.0,66.0,66.0,66.0,0.0,66.0,0.0004700899124145,10.0,0.0,BENIGN
